TRUNCATE TABLE "users" CASCADE;
TRUNCATE TABLE "badges" CASCADE;
--
-- PostgreSQL database dump
--

\restrict v8Os105zeHO1X8xGaRHoGMeWdWwK3gXvWlWrbbPVC7nHHikHertOvjnvLeB1Mbg

-- Dumped from database version 18.4 (48c2093)
-- Dumped by pg_dump version 18.4

SET statement_timeout = 0;
SET lock_timeout = 0;
SET idle_in_transaction_session_timeout = 0;
SET transaction_timeout = 0;
SET client_encoding = 'UTF8';
SET standard_conforming_strings = on;
SELECT pg_catalog.set_config('search_path', '', false);
SET check_function_bodies = false;
SET xmloption = content;
SET client_min_messages = warning;
SET row_security = off;

--
-- Data for Name: badges; Type: TABLE DATA; Schema: public; Owner: neondb_owner
--

INSERT INTO public.badges VALUES ('44596f6d-6f7b-475d-90dd-1f92edf39aff', 'Problem Solver Elite', 'Menyelesaikan tantangan algoritma dengan efisiensi O(1) atau O(N).', 'https://placehold.co/100x100/10b981/ffffff?text=Elite', 100, '2026-06-17 23:06:44.114', '2026-06-17 23:06:44.114');
INSERT INTO public.badges VALUES ('0dd55669-9acf-442c-9124-bea882d50838', 'Architect of the Future', 'Desain arsitektur mikroservis tanpa cacat di bawah beban tinggi.', 'https://placehold.co/100x100/10b981/ffffff?text=Arch', 250, '2026-06-17 23:06:44.152', '2026-06-17 23:06:44.152');
INSERT INTO public.badges VALUES ('e5604019-d5dd-4a11-bb76-b917431641be', 'UI/UX Visionary', 'Mencapai skor aksesibilitas dan UX 100% pada evaluasi AI.', 'https://placehold.co/100x100/10b981/ffffff?text=UX', 150, '2026-06-17 23:06:44.187', '2026-06-17 23:06:44.187');
INSERT INTO public.badges VALUES ('ae09f667-7396-44e4-bf24-4394f664fd63', 'Data Alchemist', 'Membangun model AI dengan akurasi prediksi p99 di atas 95%.', 'https://placehold.co/100x100/10b981/ffffff?text=Data', 200, '2026-06-17 23:06:44.221', '2026-06-17 23:06:44.221');
INSERT INTO public.badges VALUES ('f181b192-e2cc-4f36-a17f-8bb0604edcb8', 'Creative Marketing Genius', 'Menghasilkan strategi viral dengan proyeksi ROI di atas 300%.', 'https://placehold.co/100x100/10b981/ffffff?text=Mktg', 150, '2026-06-17 23:06:44.255', '2026-06-17 23:06:44.255');
INSERT INTO public.badges VALUES ('250172a6-5ee0-40fc-98d1-be5fd0541449', 'Bug Squasher', 'Menemukan dan memperbaiki 50+ bug kritis.', 'https://placehold.co/100x100/ef4444/ffffff?text=BugSq', 300, '2026-06-17 23:06:44.289', '2026-06-17 23:06:44.289');
INSERT INTO public.badges VALUES ('660dd5ae-f4c5-439a-990b-ab1771e8996f', 'DevOps Master', 'Mencapai zero-downtime deployment pada 10+ proyek.', 'https://placehold.co/100x100/3b82f6/ffffff?text=DevOps', 300, '2026-06-17 23:06:44.324', '2026-06-17 23:06:44.324');
INSERT INTO public.badges VALUES ('854dff42-67db-450c-83bc-4012ac2b5417', 'Mobile Guru', 'Membangun aplikasi mobile dengan rating 4.9+ di App Store.', 'https://placehold.co/100x100/8b5cf6/ffffff?text=Mobile', 250, '2026-06-17 23:06:44.357', '2026-06-17 23:06:44.357');
INSERT INTO public.badges VALUES ('dbfc95e8-6ceb-4f82-b30f-0639c5efbcdc', 'Security Sentinel', 'Menemukan kerentanan sistem tingkat tinggi.', 'https://placehold.co/100x100/f59e0b/ffffff?text=Sec', 400, '2026-06-17 23:06:44.391', '2026-06-17 23:06:44.391');
INSERT INTO public.badges VALUES ('19a6836d-62de-45e9-8a78-c1e5653dcd5b', 'QA Champion', 'Memiliki test coverage 100% pada semua pengiriman.', 'https://placehold.co/100x100/14b8a6/ffffff?text=QA', 200, '2026-06-17 23:06:44.425', '2026-06-17 23:06:44.425');


--
-- Data for Name: users; Type: TABLE DATA; Schema: public; Owner: neondb_owner
--

INSERT INTO public.users VALUES ('a7d7b370-04e4-4fbc-b0fc-3b032d79772b', 'hr@goto.com', '$2b$10$46Y5SXntiueqy5AgGtYyN.HHkqHrCIINxmxYQV9HTtJIb2pT7ILES', 'COMPANY', true, '2026-06-17 23:06:44.529', '2026-06-17 23:06:44.529');
INSERT INTO public.users VALUES ('98cfa531-8b4d-4094-9ced-4d29873e2a21', 'hr@traveloka.com', '$2b$10$46Y5SXntiueqy5AgGtYyN.HHkqHrCIINxmxYQV9HTtJIb2pT7ILES', 'COMPANY', true, '2026-06-17 23:06:44.732', '2026-06-17 23:06:44.732');
INSERT INTO public.users VALUES ('01cefd86-aa0e-44a8-92b0-f1d7d85bae52', 'hr@efishery.com', '$2b$10$46Y5SXntiueqy5AgGtYyN.HHkqHrCIINxmxYQV9HTtJIb2pT7ILES', 'COMPANY', true, '2026-06-17 23:06:44.928', '2026-06-17 23:06:44.928');
INSERT INTO public.users VALUES ('cc8f710e-392c-4f2b-b0b2-dc12886c3e28', 'hr@shopee.com', '$2b$10$46Y5SXntiueqy5AgGtYyN.HHkqHrCIINxmxYQV9HTtJIb2pT7ILES', 'COMPANY', true, '2026-06-17 23:06:45.126', '2026-06-17 23:06:45.126');
INSERT INTO public.users VALUES ('cce3546a-7121-4e25-9760-8f2855391f0e', 'hr@grab.com', '$2b$10$46Y5SXntiueqy5AgGtYyN.HHkqHrCIINxmxYQV9HTtJIb2pT7ILES', 'COMPANY', true, '2026-06-17 23:06:45.324', '2026-06-17 23:06:45.324');
INSERT INTO public.users VALUES ('3e4742f9-74c9-4755-aa71-fcb7467f95f1', 'hr@bukalapak.com', '$2b$10$46Y5SXntiueqy5AgGtYyN.HHkqHrCIINxmxYQV9HTtJIb2pT7ILES', 'COMPANY', true, '2026-06-17 23:06:45.521', '2026-06-17 23:06:45.521');
INSERT INTO public.users VALUES ('94747b62-237c-4a6c-8b09-d324fabcffe1', 'hr@ruangguru.com', '$2b$10$46Y5SXntiueqy5AgGtYyN.HHkqHrCIINxmxYQV9HTtJIb2pT7ILES', 'COMPANY', true, '2026-06-17 23:06:45.719', '2026-06-17 23:06:45.719');
INSERT INTO public.users VALUES ('27f85823-bd6c-4899-8c26-349858101bf9', 'hr@bca.co.id', '$2b$10$46Y5SXntiueqy5AgGtYyN.HHkqHrCIINxmxYQV9HTtJIb2pT7ILES', 'COMPANY', true, '2026-06-17 23:06:45.915', '2026-06-17 23:06:45.915');
INSERT INTO public.users VALUES ('eab9d982-c682-4495-bc38-c623ec93ac53', 'hr@telkomsel.com', '$2b$10$46Y5SXntiueqy5AgGtYyN.HHkqHrCIINxmxYQV9HTtJIb2pT7ILES', 'COMPANY', true, '2026-06-17 23:06:46.113', '2026-06-17 23:06:46.113');
INSERT INTO public.users VALUES ('56bc5d1b-ddf4-4b6f-8fd8-478eb874bcac', 'hr@tiket.com', '$2b$10$46Y5SXntiueqy5AgGtYyN.HHkqHrCIINxmxYQV9HTtJIb2pT7ILES', 'COMPANY', true, '2026-06-17 23:06:46.315', '2026-06-17 23:06:46.315');
INSERT INTO public.users VALUES ('8ffabd0b-8154-418e-95e8-88b00316441f', 'budi.developer@gmail.com', '$2b$10$46Y5SXntiueqy5AgGtYyN.HHkqHrCIINxmxYQV9HTtJIb2pT7ILES', 'TALENT', true, '2026-06-17 23:06:46.512', '2026-06-17 23:06:46.512');
INSERT INTO public.users VALUES ('66a998d2-9aea-41df-9c67-c76375255ccd', 'siti.designer@gmail.com', '$2b$10$46Y5SXntiueqy5AgGtYyN.HHkqHrCIINxmxYQV9HTtJIb2pT7ILES', 'TALENT', true, '2026-06-17 23:06:46.715', '2026-06-17 23:06:46.715');
INSERT INTO public.users VALUES ('d1826898-eb39-4839-b1eb-928959b9c659', 'agus.frontend@gmail.com', '$2b$10$46Y5SXntiueqy5AgGtYyN.HHkqHrCIINxmxYQV9HTtJIb2pT7ILES', 'TALENT', true, '2026-06-17 23:06:46.915', '2026-06-17 23:06:46.915');
INSERT INTO public.users VALUES ('4679fb1f-6149-4dc9-bc72-75e5a152b074', 'dewi.data@gmail.com', '$2b$10$46Y5SXntiueqy5AgGtYyN.HHkqHrCIINxmxYQV9HTtJIb2pT7ILES', 'TALENT', true, '2026-06-17 23:06:47.113', '2026-06-17 23:06:47.113');
INSERT INTO public.users VALUES ('e83cc0a3-911c-4838-8c7b-2645d6192ef6', 'joko.marketing@gmail.com', '$2b$10$46Y5SXntiueqy5AgGtYyN.HHkqHrCIINxmxYQV9HTtJIb2pT7ILES', 'TALENT', true, '2026-06-17 23:06:47.313', '2026-06-17 23:06:47.313');
INSERT INTO public.users VALUES ('ef719c45-adea-4dda-9387-62a27992b592', 'rio.devops@gmail.com', '$2b$10$46Y5SXntiueqy5AgGtYyN.HHkqHrCIINxmxYQV9HTtJIb2pT7ILES', 'TALENT', true, '2026-06-17 23:06:47.512', '2026-06-17 23:06:47.512');
INSERT INTO public.users VALUES ('f407a2d1-c86f-4aac-8d93-330ea008e86a', 'susan.qa@gmail.com', '$2b$10$46Y5SXntiueqy5AgGtYyN.HHkqHrCIINxmxYQV9HTtJIb2pT7ILES', 'TALENT', true, '2026-06-17 23:06:47.709', '2026-06-17 23:06:47.709');
INSERT INTO public.users VALUES ('da0c5a1d-193d-4e98-b78f-826ebdf084d2', 'andi.mobile@gmail.com', '$2b$10$46Y5SXntiueqy5AgGtYyN.HHkqHrCIINxmxYQV9HTtJIb2pT7ILES', 'TALENT', true, '2026-06-17 23:06:47.906', '2026-06-17 23:06:47.906');
INSERT INTO public.users VALUES ('73dc405c-06cc-4792-a7d7-64eff77bd4e0', 'rini.product@gmail.com', '$2b$10$46Y5SXntiueqy5AgGtYyN.HHkqHrCIINxmxYQV9HTtJIb2pT7ILES', 'TALENT', true, '2026-06-17 23:06:48.106', '2026-06-17 23:06:48.106');
INSERT INTO public.users VALUES ('f268997d-8ea5-4972-a94b-80268e8b12f7', 'doni.backend@gmail.com', '$2b$10$46Y5SXntiueqy5AgGtYyN.HHkqHrCIINxmxYQV9HTtJIb2pT7ILES', 'TALENT', true, '2026-06-17 23:06:48.305', '2026-06-17 23:06:48.305');
INSERT INTO public.users VALUES ('fc97d2b3-a49c-4ada-a001-8351e1ad39f4', 'maya.frontend@gmail.com', '$2b$10$46Y5SXntiueqy5AgGtYyN.HHkqHrCIINxmxYQV9HTtJIb2pT7ILES', 'TALENT', true, '2026-06-17 23:06:48.506', '2026-06-17 23:06:48.506');
INSERT INTO public.users VALUES ('9c00853b-f6f8-45b0-964e-d20c4106d477', 'hendra.data@gmail.com', '$2b$10$46Y5SXntiueqy5AgGtYyN.HHkqHrCIINxmxYQV9HTtJIb2pT7ILES', 'TALENT', true, '2026-06-17 23:06:48.705', '2026-06-17 23:06:48.705');
INSERT INTO public.users VALUES ('af8335f1-7ae8-44ce-b284-19d691184d06', 'tina.uiux@gmail.com', '$2b$10$46Y5SXntiueqy5AgGtYyN.HHkqHrCIINxmxYQV9HTtJIb2pT7ILES', 'TALENT', true, '2026-06-17 23:06:48.901', '2026-06-17 23:06:48.901');
INSERT INTO public.users VALUES ('3e9c09ab-0d53-4f71-bc18-680765a1dbc6', 'galih.sec@gmail.com', '$2b$10$46Y5SXntiueqy5AgGtYyN.HHkqHrCIINxmxYQV9HTtJIb2pT7ILES', 'TALENT', true, '2026-06-17 23:06:49.099', '2026-06-17 23:06:49.099');
INSERT INTO public.users VALUES ('4c4c195d-e173-4428-ab0d-ecdeb475773f', 'diana.marketing@gmail.com', '$2b$10$46Y5SXntiueqy5AgGtYyN.HHkqHrCIINxmxYQV9HTtJIb2pT7ILES', 'TALENT', true, '2026-06-17 23:06:49.297', '2026-06-17 23:06:49.297');
INSERT INTO public.users VALUES ('deac94eb-504d-4572-a72a-9fc672709c90', 'reza.fullstack@gmail.com', '$2b$10$46Y5SXntiueqy5AgGtYyN.HHkqHrCIINxmxYQV9HTtJIb2pT7ILES', 'TALENT', true, '2026-06-17 23:06:49.494', '2026-06-17 23:06:49.494');
INSERT INTO public.users VALUES ('420ad87b-8bdb-45b5-86ff-75b922e71536', 'citra.qa@gmail.com', '$2b$10$46Y5SXntiueqy5AgGtYyN.HHkqHrCIINxmxYQV9HTtJIb2pT7ILES', 'TALENT', true, '2026-06-17 23:06:49.692', '2026-06-17 23:06:49.692');
INSERT INTO public.users VALUES ('9a528abc-350a-4a73-9ade-9baa3bbd059d', 'bayu.mobile@gmail.com', '$2b$10$46Y5SXntiueqy5AgGtYyN.HHkqHrCIINxmxYQV9HTtJIb2pT7ILES', 'TALENT', true, '2026-06-17 23:06:49.892', '2026-06-17 23:06:49.892');
INSERT INTO public.users VALUES ('5122fafe-ca13-4e1c-aa9c-1206d25ad7a8', 'putri.data@gmail.com', '$2b$10$46Y5SXntiueqy5AgGtYyN.HHkqHrCIINxmxYQV9HTtJIb2pT7ILES', 'TALENT', true, '2026-06-17 23:06:50.089', '2026-06-17 23:06:50.089');
INSERT INTO public.users VALUES ('23357cdd-a812-4672-abec-e1575d9ceb09', 'arif.devops@gmail.com', '$2b$10$46Y5SXntiueqy5AgGtYyN.HHkqHrCIINxmxYQV9HTtJIb2pT7ILES', 'TALENT', true, '2026-06-17 23:06:50.286', '2026-06-17 23:06:50.286');


--
-- Data for Name: company_profiles; Type: TABLE DATA; Schema: public; Owner: neondb_owner
--

INSERT INTO public.company_profiles VALUES ('01838cfc-7cf2-4a5c-9ffe-1bc89d360def', 'a7d7b370-04e4-4fbc-b0fc-3b032d79772b', 'GoTo Group', 'https://logo.clearbit.com/gotocompany.com', NULL, NULL, 'Tech', '10,000+', 'VERIFIED', 'KONGLOMERAT', NULL, 100, '2026-06-17 23:06:44.631', '2026-06-17 23:06:44.631');
INSERT INTO public.company_profiles VALUES ('7dd926d2-1ee1-4a42-9d2f-b87280dc729f', '98cfa531-8b4d-4094-9ced-4d29873e2a21', 'Traveloka', 'https://logo.clearbit.com/traveloka.com', NULL, NULL, 'Travel', '5,000+', 'VERIFIED', 'KONGLOMERAT', NULL, 100, '2026-06-17 23:06:44.831', '2026-06-17 23:06:44.831');
INSERT INTO public.company_profiles VALUES ('6bacfe23-6c9b-46d5-8882-34192af79943', '01cefd86-aa0e-44a8-92b0-f1d7d85bae52', 'eFishery', 'https://logo.clearbit.com/efishery.com', NULL, NULL, 'Agritech', '1,000+', 'VERIFIED', 'STARTUP', NULL, 100, '2026-06-17 23:06:45.027', '2026-06-17 23:06:45.027');
INSERT INTO public.company_profiles VALUES ('931e4b23-51cb-49fe-bd16-a45d55462889', 'cc8f710e-392c-4f2b-b0b2-dc12886c3e28', 'Shopee', 'https://logo.clearbit.com/shopee.com', NULL, NULL, 'E-Commerce', '10,000+', 'VERIFIED', 'KONGLOMERAT', NULL, 100, '2026-06-17 23:06:45.224', '2026-06-17 23:06:45.224');
INSERT INTO public.company_profiles VALUES ('7308a3d6-b15c-44ab-955e-78822962bfb0', 'cce3546a-7121-4e25-9760-8f2855391f0e', 'Grab', 'https://logo.clearbit.com/grab.com', NULL, NULL, 'Tech', '10,000+', 'VERIFIED', 'CUSTOM', NULL, 100, '2026-06-17 23:06:45.423', '2026-06-17 23:06:45.423');
INSERT INTO public.company_profiles VALUES ('b8601882-5c2d-411b-a3c8-b63c454e9d0b', '3e4742f9-74c9-4755-aa71-fcb7467f95f1', 'Bukalapak', 'https://logo.clearbit.com/bukalapak.com', NULL, NULL, 'E-Commerce', '2,000+', 'VERIFIED', 'KONGLOMERAT', NULL, 100, '2026-06-17 23:06:45.62', '2026-06-17 23:06:45.62');
INSERT INTO public.company_profiles VALUES ('1c05379c-d9e1-43c5-bc21-f1fe84c4da09', '94747b62-237c-4a6c-8b09-d324fabcffe1', 'Ruangguru', 'https://logo.clearbit.com/ruangguru.com', NULL, NULL, 'EdTech', '1,000+', 'VERIFIED', 'STARTUP', NULL, 100, '2026-06-17 23:06:45.817', '2026-06-17 23:06:45.817');
INSERT INTO public.company_profiles VALUES ('acab8f67-d1fb-40e3-b296-cdb9817d002b', '27f85823-bd6c-4899-8c26-349858101bf9', 'BCA', 'https://logo.clearbit.com/bca.co.id', NULL, NULL, 'Banking', '20,000+', 'VERIFIED', 'CUSTOM', NULL, 100, '2026-06-17 23:06:46.013', '2026-06-17 23:06:46.013');
INSERT INTO public.company_profiles VALUES ('e8af1346-76a4-4813-aefc-a6410b0414ca', 'eab9d982-c682-4495-bc38-c623ec93ac53', 'Telkomsel', 'https://logo.clearbit.com/telkomsel.com', NULL, NULL, 'Telecommunications', '5,000+', 'VERIFIED', 'KONGLOMERAT', NULL, 100, '2026-06-17 23:06:46.211', '2026-06-17 23:06:46.211');
INSERT INTO public.company_profiles VALUES ('dd1d764a-1873-46fe-bba6-db46bca9373a', '56bc5d1b-ddf4-4b6f-8fd8-478eb874bcac', 'Tiket.com', 'https://logo.clearbit.com/tiket.com', NULL, NULL, 'Travel', '1,000+', 'VERIFIED', 'STARTUP', NULL, 100, '2026-06-17 23:06:46.413', '2026-06-17 23:06:46.413');


--
-- Data for Name: talent_profiles; Type: TABLE DATA; Schema: public; Owner: neondb_owner
--

INSERT INTO public.talent_profiles VALUES ('2d19cf14-0986-40f3-90ea-0a4020a9e1d7', '8ffabd0b-8154-418e-95e8-88b00316441f', 'Budi Raharjo', 'Senior Full Stack', 'https://api.dicebear.com/7.x/avataaars/svg?seed=Budi', NULL, NULL, '{NestJS,React,Backend}', NULL, NULL, NULL, 'VERIFIED', NULL, NULL, NULL, 9500, 64, 500, '2026-06-17 23:06:46.612', '2026-06-17 23:06:46.612');
INSERT INTO public.talent_profiles VALUES ('996e2df9-9260-4c4a-8dd0-f569b336be6a', '66a998d2-9aea-41df-9c67-c76375255ccd', 'Siti Aminah', 'Lead UI/UX', 'https://api.dicebear.com/7.x/avataaars/svg?seed=Siti', NULL, NULL, '{Figma,UI/UX}', NULL, NULL, NULL, 'VERIFIED', NULL, NULL, NULL, 8200, 56, 500, '2026-06-17 23:06:46.814', '2026-06-17 23:06:46.814');
INSERT INTO public.talent_profiles VALUES ('e18a568e-192e-4612-95af-19f50978883d', 'd1826898-eb39-4839-b1eb-928959b9c659', 'Agus Setiawan', 'Next.js Expert', 'https://api.dicebear.com/7.x/avataaars/svg?seed=Agus', NULL, NULL, '{Next.js,Frontend}', NULL, NULL, NULL, 'VERIFIED', NULL, NULL, NULL, 4500, 32, 500, '2026-06-17 23:06:47.015', '2026-06-17 23:06:47.015');
INSERT INTO public.talent_profiles VALUES ('305a7571-f605-46c7-b6ea-8de587cdd9d9', '4679fb1f-6149-4dc9-bc72-75e5a152b074', 'Dewi Lestari', 'AI Engineer', 'https://api.dicebear.com/7.x/avataaars/svg?seed=Dewi', NULL, NULL, '{Python,LLM,"Data Science"}', NULL, NULL, NULL, 'VERIFIED', NULL, NULL, NULL, 7100, 48, 500, '2026-06-17 23:06:47.213', '2026-06-17 23:06:47.213');
INSERT INTO public.talent_profiles VALUES ('43672ac6-16f3-4f00-99d5-edf100bcc25b', 'e83cc0a3-911c-4838-8c7b-2645d6192ef6', 'Joko Anwar', 'Growth Hacker', 'https://api.dicebear.com/7.x/avataaars/svg?seed=Joko', NULL, NULL, '{SEO,Marketing}', NULL, NULL, NULL, 'VERIFIED', NULL, NULL, NULL, 1200, 12, 500, '2026-06-17 23:06:47.414', '2026-06-17 23:06:47.414');
INSERT INTO public.talent_profiles VALUES ('3246110c-9a8f-47a0-9c78-4c178616f6a9', 'ef719c45-adea-4dda-9387-62a27992b592', 'Rio Dewanto', 'DevOps Engineer', 'https://api.dicebear.com/7.x/avataaars/svg?seed=Rio', NULL, NULL, '{Docker,Kubernetes,AWS}', NULL, NULL, NULL, 'VERIFIED', NULL, NULL, NULL, 5400, 38, 500, '2026-06-17 23:06:47.611', '2026-06-17 23:06:47.611');
INSERT INTO public.talent_profiles VALUES ('dbf223aa-b09f-46c6-87d9-f9d5e9acc158', 'f407a2d1-c86f-4aac-8d93-330ea008e86a', 'Susan Susanti', 'QA Automation', 'https://api.dicebear.com/7.x/avataaars/svg?seed=Susan', NULL, NULL, '{Cypress,Selenium,QA}', NULL, NULL, NULL, 'VERIFIED', NULL, NULL, NULL, 3200, 25, 500, '2026-06-17 23:06:47.808', '2026-06-17 23:06:47.808');
INSERT INTO public.talent_profiles VALUES ('4c37e820-c0c2-4388-8248-d6a222698887', 'da0c5a1d-193d-4e98-b78f-826ebdf084d2', 'Andi Saputra', 'Flutter Developer', 'https://api.dicebear.com/7.x/avataaars/svg?seed=Andi', NULL, NULL, '{Flutter,Dart,Mobile}', NULL, NULL, NULL, 'VERIFIED', NULL, NULL, NULL, 4100, 30, 500, '2026-06-17 23:06:48.005', '2026-06-17 23:06:48.005');
INSERT INTO public.talent_profiles VALUES ('4bb448db-2c45-467d-be47-9b7ff6a49d8f', '73dc405c-06cc-4792-a7d7-64eff77bd4e0', 'Rini Wulandari', 'Product Manager', 'https://api.dicebear.com/7.x/avataaars/svg?seed=Rini', NULL, NULL, '{Agile,Scrum,Product}', NULL, NULL, NULL, 'VERIFIED', NULL, NULL, NULL, 6300, 44, 500, '2026-06-17 23:06:48.206', '2026-06-17 23:06:48.206');
INSERT INTO public.talent_profiles VALUES ('7684dcb6-0f0b-480b-9450-b904f6d601f8', 'f268997d-8ea5-4972-a94b-80268e8b12f7', 'Doni Pratama', 'Go Engineer', 'https://api.dicebear.com/7.x/avataaars/svg?seed=Doni', NULL, NULL, '{Golang,Microservices,Backend}', NULL, NULL, NULL, 'VERIFIED', NULL, NULL, NULL, 8900, 59, 500, '2026-06-17 23:06:48.407', '2026-06-17 23:06:48.407');
INSERT INTO public.talent_profiles VALUES ('721c9305-807d-4f8e-8516-23a720c39e42', 'fc97d2b3-a49c-4ada-a001-8351e1ad39f4', 'Maya Sari', 'Vue.js Specialist', 'https://api.dicebear.com/7.x/avataaars/svg?seed=Maya', NULL, NULL, '{Vue.js,Nuxt.js,Frontend}', NULL, NULL, NULL, 'VERIFIED', NULL, NULL, NULL, 2100, 18, 500, '2026-06-17 23:06:48.605', '2026-06-17 23:06:48.605');
INSERT INTO public.talent_profiles VALUES ('e53f3f0c-ef5b-41ca-a445-f166ba30118c', '9c00853b-f6f8-45b0-964e-d20c4106d477', 'Hendra Wijaya', 'Data Analyst', 'https://api.dicebear.com/7.x/avataaars/svg?seed=Hendra', NULL, NULL, '{SQL,Tableau,"Data Science"}', NULL, NULL, NULL, 'VERIFIED', NULL, NULL, NULL, 3500, 27, 500, '2026-06-17 23:06:48.804', '2026-06-17 23:06:48.804');
INSERT INTO public.talent_profiles VALUES ('17d2c69a-1c52-4ae9-9a32-33895435d19a', 'af8335f1-7ae8-44ce-b284-19d691184d06', 'Tina Toon', 'Product Designer', 'https://api.dicebear.com/7.x/avataaars/svg?seed=Tina', NULL, NULL, '{Figma,Prototyping,UI/UX}', NULL, NULL, NULL, 'VERIFIED', NULL, NULL, NULL, 4800, 34, 500, '2026-06-17 23:06:49', '2026-06-17 23:06:49');
INSERT INTO public.talent_profiles VALUES ('62e13de3-9c88-4977-a2db-6bd4fe0d19ed', '3e9c09ab-0d53-4f71-bc18-680765a1dbc6', 'Galih Rakasiwi', 'Security Engineer', 'https://api.dicebear.com/7.x/avataaars/svg?seed=Galih', NULL, NULL, '{"Penetration Testing",Security}', NULL, NULL, NULL, 'VERIFIED', NULL, NULL, NULL, 7500, 51, 500, '2026-06-17 23:06:49.199', '2026-06-17 23:06:49.199');
INSERT INTO public.talent_profiles VALUES ('04522ead-0e12-4f54-83a7-5d89e86029b2', '4c4c195d-e173-4428-ab0d-ecdeb475773f', 'Diana Pungky', 'Digital Marketing', 'https://api.dicebear.com/7.x/avataaars/svg?seed=Diana', NULL, NULL, '{"Google Ads",Marketing}', NULL, NULL, NULL, 'VERIFIED', NULL, NULL, NULL, 2800, 22, 500, '2026-06-17 23:06:49.395', '2026-06-17 23:06:49.395');
INSERT INTO public.talent_profiles VALUES ('c3afa3a2-6a6e-43f8-a441-d54a73c4dedb', 'deac94eb-504d-4572-a72a-9fc672709c90', 'Reza Rahadian', 'Full Stack Ninja', 'https://api.dicebear.com/7.x/avataaars/svg?seed=Reza', NULL, NULL, '{"MERN Stack",Backend,Frontend}', NULL, NULL, NULL, 'VERIFIED', NULL, NULL, NULL, 9100, 61, 500, '2026-06-17 23:06:49.593', '2026-06-17 23:06:49.593');
INSERT INTO public.talent_profiles VALUES ('f9cc493f-fa67-4c77-8289-9b8d21fded53', '420ad87b-8bdb-45b5-86ff-75b922e71536', 'Citra Kirana', 'Manual QA', 'https://api.dicebear.com/7.x/avataaars/svg?seed=Citra', NULL, NULL, '{Testing,QA}', NULL, NULL, NULL, 'VERIFIED', NULL, NULL, NULL, 1500, 14, 500, '2026-06-17 23:06:49.793', '2026-06-17 23:06:49.793');
INSERT INTO public.talent_profiles VALUES ('b10347fb-f64d-4dbc-b58d-9913e295f2da', '9a528abc-350a-4a73-9ade-9baa3bbd059d', 'Bayu Skak', 'iOS Developer', 'https://api.dicebear.com/7.x/avataaars/svg?seed=Bayu', NULL, NULL, '{Swift,iOS,Mobile}', NULL, NULL, NULL, 'VERIFIED', NULL, NULL, NULL, 5200, 36, 500, '2026-06-17 23:06:49.991', '2026-06-17 23:06:49.991');
INSERT INTO public.talent_profiles VALUES ('04ca1b99-1c25-4c3b-885a-35767d80e114', '5122fafe-ca13-4e1c-aa9c-1206d25ad7a8', 'Putri Marino', 'Machine Learning Engineer', 'https://api.dicebear.com/7.x/avataaars/svg?seed=Putri', NULL, NULL, '{TensorFlow,"Data Science"}', NULL, NULL, NULL, 'VERIFIED', NULL, NULL, NULL, 6800, 46, 500, '2026-06-17 23:06:50.188', '2026-06-17 23:06:50.188');
INSERT INTO public.talent_profiles VALUES ('2c3ed174-d8f2-4919-807d-84c306be10d1', '23357cdd-a812-4672-abec-e1575d9ceb09', 'Arif Muhammad', 'SRE', 'https://api.dicebear.com/7.x/avataaars/svg?seed=Arif', NULL, NULL, '{Terraform,GCP,DevOps}', NULL, NULL, NULL, 'VERIFIED', NULL, NULL, NULL, 8500, 57, 500, '2026-06-17 23:06:50.385', '2026-06-17 23:06:50.385');


--
-- Data for Name: challenges; Type: TABLE DATA; Schema: public; Owner: neondb_owner
--

INSERT INTO public.challenges VALUES ('a82189a5-3b6d-41cc-8046-352609e2e821', '01838cfc-7cf2-4a5c-9ffe-1bc89d360def', NULL, 'COMPANY', 'High Concurrency Checkout', 'goto-high-concurrency-checkout', 'This is a SENIOR BACKEND challenge.', '### Background
Solve this High Concurrency Checkout problem. 
### Requirements
- Scale
- Performance
- Clean Code', 'BACKEND', 'SENIOR', NULL, NULL, NULL, '[{"url": "https://images.unsplash.com/photo-1555066931-4365d14bab8c?q=80&w=800", "type": "image", "caption": "High-Level System Architecture"}, {"url": "https://docs.google.com", "type": "document", "label": "Load Test Spec"}]', '{"code_cleanliness": 50, "system_scalability": 50}', 'Interview + MacBook Pro', '2026-07-17 23:06:50.419', false, 'PUBLISHED', false, NULL, '2026-06-17 23:06:50.42', '2026-06-17 23:06:50.42');
INSERT INTO public.challenges VALUES ('50054215-56be-4c19-86f5-589e5cdec8f2', '7dd926d2-1ee1-4a42-9d2f-b87280dc729f', NULL, 'COMPANY', 'Flight Booking Redesign', 'traveloka-flight-booking-redesign', 'This is a MEDIOR UI_UX challenge.', '### Background
Solve this Flight Booking Redesign problem. 
### Requirements
- Scale
- Performance
- Clean Code', 'UI_UX', 'MEDIOR', NULL, NULL, NULL, '[{"url": "https://images.unsplash.com/photo-1436491865332-7a61a109cc05?q=80&w=800", "type": "image", "caption": "Current Flight Booking Flow"}]', '{"code_cleanliness": 50, "system_scalability": 50}', 'Interview + MacBook Pro', '2026-07-17 23:06:50.457', false, 'PUBLISHED', false, NULL, '2026-06-17 23:06:50.458', '2026-06-17 23:06:50.458');
INSERT INTO public.challenges VALUES ('3ee7cdd4-9049-41c0-b676-b6818deb1186', '6bacfe23-6c9b-46d5-8882-34192af79943', NULL, 'COMPANY', 'IoT Feeder Dashboard', 'efishery-iot-feeder-dashboard', 'This is a JUNIOR FRONTEND challenge.', '### Background
Solve this IoT Feeder Dashboard problem. 
### Requirements
- Scale
- Performance
- Clean Code', 'FRONTEND', 'JUNIOR', NULL, NULL, NULL, '[{"url": "https://images.unsplash.com/photo-1518770660439-4636190af475?q=80&w=800", "type": "image", "caption": "IoT Dashboard Concept"}]', '{"code_cleanliness": 50, "system_scalability": 50}', 'Interview + MacBook Pro', '2026-07-17 23:06:50.493', false, 'PUBLISHED', false, NULL, '2026-06-17 23:06:50.494', '2026-06-17 23:06:50.494');
INSERT INTO public.challenges VALUES ('831e90e9-daee-4578-a3ec-009f40ca6db4', '931e4b23-51cb-49fe-bd16-a45d55462889', NULL, 'COMPANY', 'Flash Sale Anti-Bot System', 'shopee-flash-sale-anti-bot-system', 'This is a SENIOR BACKEND challenge.', '### Background
Solve this Flash Sale Anti-Bot System problem. 
### Requirements
- Scale
- Performance
- Clean Code', 'BACKEND', 'SENIOR', NULL, NULL, NULL, '[{"url": "https://images.unsplash.com/photo-1607082348824-0a96f2a4b9da?q=80&w=800", "type": "image", "caption": "E-commerce Architecture"}]', '{"code_cleanliness": 50, "system_scalability": 50}', 'Interview + MacBook Pro', '2026-07-17 23:06:50.529', false, 'PUBLISHED', false, NULL, '2026-06-17 23:06:50.529', '2026-06-17 23:06:50.529');
INSERT INTO public.challenges VALUES ('40f8fb5a-6bc1-4159-9138-4fe62e50cfd7', '7308a3d6-b15c-44ab-955e-78822962bfb0', NULL, 'COMPANY', 'Driver Routing Optimization', 'grab-driver-routing-optimization', 'This is a SENIOR DATA_SCIENCE challenge.', '### Background
Solve this Driver Routing Optimization problem. 
### Requirements
- Scale
- Performance
- Clean Code', 'DATA_SCIENCE', 'SENIOR', NULL, NULL, NULL, '[{"url": "https://images.unsplash.com/photo-1519003300449-424ad0405076?q=80&w=800", "type": "image", "caption": "City Map Routing"}]', '{"code_cleanliness": 50, "system_scalability": 50}', 'Interview + MacBook Pro', '2026-07-17 23:06:50.564', false, 'PUBLISHED', false, NULL, '2026-06-17 23:06:50.565', '2026-06-17 23:06:50.565');
INSERT INTO public.challenges VALUES ('a01d040b-550a-4eb8-a453-70b671d7136d', 'b8601882-5c2d-411b-a3c8-b63c454e9d0b', NULL, 'COMPANY', 'SME Merchant App UX', 'bukalapak-sme-merchant-app-ux', 'This is a MEDIOR UI_UX challenge.', '### Background
Solve this SME Merchant App UX problem. 
### Requirements
- Scale
- Performance
- Clean Code', 'UI_UX', 'MEDIOR', NULL, NULL, NULL, '[{"url": "https://images.unsplash.com/photo-1556742049-0cfed4f6a45d?q=80&w=800", "type": "image", "caption": "Merchant Storefront"}]', '{"code_cleanliness": 50, "system_scalability": 50}', 'Interview + MacBook Pro', '2026-07-17 23:06:50.599', false, 'PUBLISHED', false, NULL, '2026-06-17 23:06:50.599', '2026-06-17 23:06:50.599');
INSERT INTO public.challenges VALUES ('da5d167b-8d9c-46f7-92c1-7d5d29352c09', '1c05379c-d9e1-43c5-bc21-f1fe84c4da09', NULL, 'COMPANY', 'Interactive Video Player', 'ruangguru-interactive-video-player', 'This is a MEDIOR FRONTEND challenge.', '### Background
Solve this Interactive Video Player problem. 
### Requirements
- Scale
- Performance
- Clean Code', 'FRONTEND', 'MEDIOR', NULL, NULL, NULL, '[{"url": "https://images.unsplash.com/photo-1516321318423-f06f85e504b3?q=80&w=800", "type": "image", "caption": "E-learning Interface"}]', '{"code_cleanliness": 50, "system_scalability": 50}', 'Interview + MacBook Pro', '2026-07-17 23:06:50.634', false, 'PUBLISHED', false, NULL, '2026-06-17 23:06:50.635', '2026-06-17 23:06:50.635');
INSERT INTO public.challenges VALUES ('801ab103-a659-477d-8a09-3e1e0a4c8b8b', 'acab8f67-d1fb-40e3-b296-cdb9817d002b', NULL, 'COMPANY', 'Secure Banking API', 'bca-secure-banking-api', 'This is a SENIOR BACKEND challenge.', '### Background
Solve this Secure Banking API problem. 
### Requirements
- Scale
- Performance
- Clean Code', 'BACKEND', 'SENIOR', NULL, NULL, NULL, '[{"url": "https://images.unsplash.com/photo-1616077168079-7e09a6a7102e?q=80&w=800", "type": "image", "caption": "Banking Transactions"}]', '{"code_cleanliness": 50, "system_scalability": 50}', 'Interview + MacBook Pro', '2026-07-17 23:06:50.669', false, 'PUBLISHED', false, NULL, '2026-06-17 23:06:50.669', '2026-06-17 23:06:50.669');
INSERT INTO public.challenges VALUES ('c1ffdbbb-9512-401b-9113-f5ff9f32af69', 'e8af1346-76a4-4813-aefc-a6410b0414ca', NULL, 'COMPANY', '5G Campaign Landing Page', 'telkomsel-5g-campaign-landing-page', 'This is a JUNIOR FRONTEND challenge.', '### Background
Solve this 5G Campaign Landing Page problem. 
### Requirements
- Scale
- Performance
- Clean Code', 'FRONTEND', 'JUNIOR', NULL, NULL, NULL, '[{"url": "https://images.unsplash.com/photo-1544890225-2f3fa1e4e843?q=80&w=800", "type": "image", "caption": "5G Campaign Design"}]', '{"code_cleanliness": 50, "system_scalability": 50}', 'Interview + MacBook Pro', '2026-07-17 23:06:50.703', false, 'PUBLISHED', false, NULL, '2026-06-17 23:06:50.703', '2026-06-17 23:06:50.703');
INSERT INTO public.challenges VALUES ('48e7af07-051e-4e65-9306-0a08696242ed', 'dd1d764a-1873-46fe-bba6-db46bca9373a', NULL, 'COMPANY', 'Hotel Recommendation Engine', 'tiket-hotel-recommendation-engine', 'This is a MEDIOR DATA_SCIENCE challenge.', '### Background
Solve this Hotel Recommendation Engine problem. 
### Requirements
- Scale
- Performance
- Clean Code', 'DATA_SCIENCE', 'MEDIOR', NULL, NULL, NULL, '[{"url": "https://images.unsplash.com/photo-1566073771259-6a8506099945?q=80&w=800", "type": "image", "caption": "Hotel Search Engine"}]', '{"code_cleanliness": 50, "system_scalability": 50}', 'Interview + MacBook Pro', '2026-07-17 23:06:50.737', false, 'PUBLISHED', false, NULL, '2026-06-17 23:06:50.739', '2026-06-17 23:06:50.739');
INSERT INTO public.challenges VALUES ('2e2dae01-ff70-4382-93be-b3da76629e58', '01838cfc-7cf2-4a5c-9ffe-1bc89d360def', NULL, 'COMPANY', 'Gopay Viral Marketing', 'goto-gopay-viral-marketing', 'This is a JUNIOR MARKETING challenge.', '### Background
Solve this Gopay Viral Marketing problem. 
### Requirements
- Scale
- Performance
- Clean Code', 'MARKETING', 'JUNIOR', NULL, NULL, NULL, '[{"url": "https://images.unsplash.com/photo-1563986768609-322da13575f3?q=80&w=800", "type": "image", "caption": "Digital Marketing Funnel"}]', '{"code_cleanliness": 50, "system_scalability": 50}', 'Interview + MacBook Pro', '2026-07-17 23:06:50.774', false, 'PUBLISHED', false, NULL, '2026-06-17 23:06:50.775', '2026-06-17 23:06:50.775');
INSERT INTO public.challenges VALUES ('3611bcad-0f21-4d63-910c-3a3936de12f4', '7dd926d2-1ee1-4a42-9d2f-b87280dc729f', NULL, 'COMPANY', 'Xperience App Features', 'traveloka-xperience-app-features', 'This is a SENIOR PRODUCT challenge.', '### Background
Solve this Xperience App Features problem. 
### Requirements
- Scale
- Performance
- Clean Code', 'PRODUCT', 'SENIOR', NULL, NULL, NULL, '[{"url": "https://images.unsplash.com/photo-1506748686214-e9df14d4d9d0?q=80&w=800", "type": "image", "caption": "App Features Roadmap"}]', '{"code_cleanliness": 50, "system_scalability": 50}', 'Interview + MacBook Pro', '2026-07-17 23:06:50.809', false, 'PUBLISHED', false, NULL, '2026-06-17 23:06:50.811', '2026-06-17 23:06:50.811');
INSERT INTO public.challenges VALUES ('71504405-98b1-442a-89c8-ba8e1dd52294', '6bacfe23-6c9b-46d5-8882-34192af79943', NULL, 'COMPANY', 'Aqua Farmer Mobile App', 'efishery-aqua-farmer-mobile-app', 'This is a MEDIOR FRONTEND challenge.', '### Background
Solve this Aqua Farmer Mobile App problem. 
### Requirements
- Scale
- Performance
- Clean Code', 'FRONTEND', 'MEDIOR', NULL, NULL, NULL, '[{"url": "https://images.unsplash.com/photo-1522071820081-009f0129c71c?q=80&w=800", "type": "image", "caption": "Team Collaboration"}]', '{"code_cleanliness": 50, "system_scalability": 50}', 'Interview + MacBook Pro', '2026-07-17 23:06:50.845', false, 'PUBLISHED', false, NULL, '2026-06-17 23:06:50.846', '2026-06-17 23:06:50.846');
INSERT INTO public.challenges VALUES ('e1142cdf-02d4-4bcf-8f08-a10259c7ad61', '931e4b23-51cb-49fe-bd16-a45d55462889', NULL, 'COMPANY', 'Affiliate Marketing Strategy', 'shopee-affiliate-marketing-strategy', 'This is a MEDIOR MARKETING challenge.', '### Background
Solve this Affiliate Marketing Strategy problem. 
### Requirements
- Scale
- Performance
- Clean Code', 'MARKETING', 'MEDIOR', NULL, NULL, NULL, '[{"url": "https://images.unsplash.com/photo-1557804506-669a67965ba0?q=80&w=800", "type": "image", "caption": "Affiliate Dashboard"}]', '{"code_cleanliness": 50, "system_scalability": 50}', 'Interview + MacBook Pro', '2026-07-17 23:06:50.88', false, 'PUBLISHED', false, NULL, '2026-06-17 23:06:50.881', '2026-06-17 23:06:50.881');
INSERT INTO public.challenges VALUES ('af89d438-5ad4-4b1c-866f-1ea13dabf224', '7308a3d6-b15c-44ab-955e-78822962bfb0', NULL, 'COMPANY', 'Food Delivery Time Prediction', 'grab-food-delivery-time-prediction', 'This is a SENIOR DATA_SCIENCE challenge.', '### Background
Solve this Food Delivery Time Prediction problem. 
### Requirements
- Scale
- Performance
- Clean Code', 'DATA_SCIENCE', 'SENIOR', NULL, NULL, NULL, '[{"url": "https://images.unsplash.com/photo-1526304640581-d334cdbbf45e?q=80&w=800", "type": "image", "caption": "Predictive Analytics"}]', '{"code_cleanliness": 50, "system_scalability": 50}', 'Interview + MacBook Pro', '2026-07-17 23:06:50.915', false, 'PUBLISHED', false, NULL, '2026-06-17 23:06:50.915', '2026-06-17 23:06:50.915');


--
-- Data for Name: challenge_enrollments; Type: TABLE DATA; Schema: public; Owner: neondb_owner
--

INSERT INTO public.challenge_enrollments VALUES ('cc981ba5-9f71-4b74-9a2a-f0775096bfc4', '2d19cf14-0986-40f3-90ea-0a4020a9e1d7', '3ee7cdd4-9049-41c0-b676-b6818deb1186', 'EVALUATED', '2026-06-17 23:06:50.949', '2026-06-07 23:06:50.949', '2026-06-15 23:06:50.95', '2026-06-17 23:06:50.95', '2026-06-17 23:06:50.95');
INSERT INTO public.challenge_enrollments VALUES ('c64a39f3-5d91-4da2-89d9-623ce93a42d1', '2d19cf14-0986-40f3-90ea-0a4020a9e1d7', 'c1ffdbbb-9512-401b-9113-f5ff9f32af69', 'EVALUATED', '2026-06-17 23:06:51.024', '2026-06-07 23:06:51.024', '2026-06-15 23:06:51.024', '2026-06-17 23:06:51.024', '2026-06-17 23:06:51.024');
INSERT INTO public.challenge_enrollments VALUES ('d7820863-914d-440f-b269-4cd2cb5d4eef', '2d19cf14-0986-40f3-90ea-0a4020a9e1d7', 'a82189a5-3b6d-41cc-8046-352609e2e821', 'EVALUATED', '2026-06-17 23:06:51.132', '2026-06-07 23:06:51.132', '2026-06-15 23:06:51.132', '2026-06-17 23:06:51.133', '2026-06-17 23:06:51.133');
INSERT INTO public.challenge_enrollments VALUES ('cb061bff-31da-4ed7-8aaa-0c9384e4d200', '996e2df9-9260-4c4a-8dd0-f569b336be6a', '831e90e9-daee-4578-a3ec-009f40ca6db4', 'SUBMITTED', '2026-06-17 23:06:51.235', '2026-06-07 23:06:51.235', '2026-06-15 23:06:51.235', '2026-06-17 23:06:51.236', '2026-06-17 23:06:51.236');
INSERT INTO public.challenge_enrollments VALUES ('de227049-7d8a-4959-8f14-b3ac36d35ca6', '996e2df9-9260-4c4a-8dd0-f569b336be6a', 'a82189a5-3b6d-41cc-8046-352609e2e821', 'SUBMITTED', '2026-06-17 23:06:51.305', '2026-06-07 23:06:51.305', '2026-06-15 23:06:51.305', '2026-06-17 23:06:51.305', '2026-06-17 23:06:51.305');
INSERT INTO public.challenge_enrollments VALUES ('ad672e51-2f51-4f7f-b7dc-3f6f3c54a955', '996e2df9-9260-4c4a-8dd0-f569b336be6a', '71504405-98b1-442a-89c8-ba8e1dd52294', 'SUBMITTED', '2026-06-17 23:06:51.373', '2026-06-07 23:06:51.373', '2026-06-15 23:06:51.373', '2026-06-17 23:06:51.373', '2026-06-17 23:06:51.373');
INSERT INTO public.challenge_enrollments VALUES ('51c820ed-8ed8-4331-869e-91b196b1c20b', '996e2df9-9260-4c4a-8dd0-f569b336be6a', '48e7af07-051e-4e65-9306-0a08696242ed', 'SUBMITTED', '2026-06-17 23:06:51.441', '2026-06-07 23:06:51.441', '2026-06-15 23:06:51.441', '2026-06-17 23:06:51.441', '2026-06-17 23:06:51.441');
INSERT INTO public.challenge_enrollments VALUES ('cfed2378-90e5-45f9-a329-05ff29092005', '996e2df9-9260-4c4a-8dd0-f569b336be6a', 'a01d040b-550a-4eb8-a453-70b671d7136d', 'SUBMITTED', '2026-06-17 23:06:51.509', '2026-06-07 23:06:51.509', '2026-06-15 23:06:51.509', '2026-06-17 23:06:51.509', '2026-06-17 23:06:51.509');
INSERT INTO public.challenge_enrollments VALUES ('8d7bf6a8-c0fd-4efe-a045-0168b6f99be2', 'e18a568e-192e-4612-95af-19f50978883d', 'da5d167b-8d9c-46f7-92c1-7d5d29352c09', 'SUBMITTED', '2026-06-17 23:06:51.588', '2026-06-07 23:06:51.588', '2026-06-15 23:06:51.588', '2026-06-17 23:06:51.588', '2026-06-17 23:06:51.588');
INSERT INTO public.challenge_enrollments VALUES ('c695cf69-40b3-4f8e-a8d1-63e8e82518e6', 'e18a568e-192e-4612-95af-19f50978883d', '3611bcad-0f21-4d63-910c-3a3936de12f4', 'SUBMITTED', '2026-06-17 23:06:51.655', '2026-06-07 23:06:51.655', '2026-06-15 23:06:51.655', '2026-06-17 23:06:51.655', '2026-06-17 23:06:51.655');
INSERT INTO public.challenge_enrollments VALUES ('23153363-4eb5-453e-9a48-aca1537557fc', 'e18a568e-192e-4612-95af-19f50978883d', 'af89d438-5ad4-4b1c-866f-1ea13dabf224', 'SUBMITTED', '2026-06-17 23:06:51.723', '2026-06-07 23:06:51.723', '2026-06-15 23:06:51.723', '2026-06-17 23:06:51.724', '2026-06-17 23:06:51.724');
INSERT INTO public.challenge_enrollments VALUES ('0ef20f00-1204-4f7b-b217-11f767df6faf', '305a7571-f605-46c7-b6ea-8de587cdd9d9', '71504405-98b1-442a-89c8-ba8e1dd52294', 'SUBMITTED', '2026-06-17 23:06:51.791', '2026-06-07 23:06:51.791', '2026-06-15 23:06:51.791', '2026-06-17 23:06:51.791', '2026-06-17 23:06:51.791');
INSERT INTO public.challenge_enrollments VALUES ('c1c777d3-02da-40f2-b545-486a1c5003cb', '305a7571-f605-46c7-b6ea-8de587cdd9d9', '48e7af07-051e-4e65-9306-0a08696242ed', 'EVALUATED', '2026-06-17 23:06:51.861', '2026-06-07 23:06:51.861', '2026-06-15 23:06:51.861', '2026-06-17 23:06:51.861', '2026-06-17 23:06:51.861');
INSERT INTO public.challenge_enrollments VALUES ('757f7fb9-e2ea-46a1-8cce-eed58c1ac665', '305a7571-f605-46c7-b6ea-8de587cdd9d9', '801ab103-a659-477d-8a09-3e1e0a4c8b8b', 'EVALUATED', '2026-06-17 23:06:51.929', '2026-06-07 23:06:51.929', '2026-06-15 23:06:51.929', '2026-06-17 23:06:51.929', '2026-06-17 23:06:51.929');
INSERT INTO public.challenge_enrollments VALUES ('dc0fc65b-7bc7-4e46-bb92-6e8aae510539', '305a7571-f605-46c7-b6ea-8de587cdd9d9', '3611bcad-0f21-4d63-910c-3a3936de12f4', 'EVALUATED', '2026-06-17 23:06:52.036', '2026-06-07 23:06:52.036', '2026-06-15 23:06:52.036', '2026-06-17 23:06:52.036', '2026-06-17 23:06:52.036');
INSERT INTO public.challenge_enrollments VALUES ('c8756755-931d-4e12-8cb5-182ea1279a50', '305a7571-f605-46c7-b6ea-8de587cdd9d9', 'a82189a5-3b6d-41cc-8046-352609e2e821', 'SUBMITTED', '2026-06-17 23:06:52.138', '2026-06-07 23:06:52.138', '2026-06-15 23:06:52.138', '2026-06-17 23:06:52.138', '2026-06-17 23:06:52.138');
INSERT INTO public.challenge_enrollments VALUES ('3924a921-1a0a-4de3-a74a-43d02c6e8d72', '43672ac6-16f3-4f00-99d5-edf100bcc25b', 'a01d040b-550a-4eb8-a453-70b671d7136d', 'SUBMITTED', '2026-06-17 23:06:52.206', '2026-06-07 23:06:52.206', '2026-06-15 23:06:52.206', '2026-06-17 23:06:52.206', '2026-06-17 23:06:52.206');
INSERT INTO public.challenge_enrollments VALUES ('6ebca367-0b0b-45aa-8060-e33e59fb282a', '43672ac6-16f3-4f00-99d5-edf100bcc25b', '2e2dae01-ff70-4382-93be-b3da76629e58', 'SUBMITTED', '2026-06-17 23:06:52.275', '2026-06-07 23:06:52.275', '2026-06-15 23:06:52.275', '2026-06-17 23:06:52.275', '2026-06-17 23:06:52.275');
INSERT INTO public.challenge_enrollments VALUES ('03517cb3-0950-423b-90ba-e3266bdac588', '43672ac6-16f3-4f00-99d5-edf100bcc25b', 'e1142cdf-02d4-4bcf-8f08-a10259c7ad61', 'SUBMITTED', '2026-06-17 23:06:52.343', '2026-06-07 23:06:52.343', '2026-06-15 23:06:52.343', '2026-06-17 23:06:52.343', '2026-06-17 23:06:52.343');
INSERT INTO public.challenge_enrollments VALUES ('c046a9df-cff9-42e7-8bfc-9338a962ec70', '3246110c-9a8f-47a0-9c78-4c178616f6a9', 'c1ffdbbb-9512-401b-9113-f5ff9f32af69', 'EVALUATED', '2026-06-17 23:06:52.41', '2026-06-07 23:06:52.41', '2026-06-15 23:06:52.41', '2026-06-17 23:06:52.41', '2026-06-17 23:06:52.41');
INSERT INTO public.challenge_enrollments VALUES ('169d3364-2409-465e-918a-c9d2b57adbf0', '3246110c-9a8f-47a0-9c78-4c178616f6a9', 'da5d167b-8d9c-46f7-92c1-7d5d29352c09', 'SUBMITTED', '2026-06-17 23:06:52.487', '2026-06-07 23:06:52.487', '2026-06-15 23:06:52.487', '2026-06-17 23:06:52.488', '2026-06-17 23:06:52.488');
INSERT INTO public.challenge_enrollments VALUES ('5cc02492-0af6-4ef9-9d6b-2e5cb6f6be54', '3246110c-9a8f-47a0-9c78-4c178616f6a9', '40f8fb5a-6bc1-4159-9138-4fe62e50cfd7', 'SUBMITTED', '2026-06-17 23:06:52.556', '2026-06-07 23:06:52.556', '2026-06-15 23:06:52.556', '2026-06-17 23:06:52.557', '2026-06-17 23:06:52.557');
INSERT INTO public.challenge_enrollments VALUES ('1648c372-464f-48cc-9479-a5bcd9ff079a', '3246110c-9a8f-47a0-9c78-4c178616f6a9', 'a01d040b-550a-4eb8-a453-70b671d7136d', 'EVALUATED', '2026-06-17 23:06:52.625', '2026-06-07 23:06:52.625', '2026-06-15 23:06:52.625', '2026-06-17 23:06:52.625', '2026-06-17 23:06:52.625');
INSERT INTO public.challenge_enrollments VALUES ('4279fbf0-4830-4736-bbdc-ad58e623257b', 'dbf223aa-b09f-46c6-87d9-f9d5e9acc158', '71504405-98b1-442a-89c8-ba8e1dd52294', 'EVALUATED', '2026-06-17 23:06:52.726', '2026-06-07 23:06:52.726', '2026-06-15 23:06:52.726', '2026-06-17 23:06:52.726', '2026-06-17 23:06:52.726');
INSERT INTO public.challenge_enrollments VALUES ('fc87e97e-6dda-4264-b48e-97b5735e2ea5', 'dbf223aa-b09f-46c6-87d9-f9d5e9acc158', '3ee7cdd4-9049-41c0-b676-b6818deb1186', 'SUBMITTED', '2026-06-17 23:06:52.829', '2026-06-07 23:06:52.829', '2026-06-15 23:06:52.829', '2026-06-17 23:06:52.829', '2026-06-17 23:06:52.829');
INSERT INTO public.challenge_enrollments VALUES ('059275f8-0a46-4557-82f8-6a77df8543e1', 'dbf223aa-b09f-46c6-87d9-f9d5e9acc158', 'e1142cdf-02d4-4bcf-8f08-a10259c7ad61', 'EVALUATED', '2026-06-17 23:06:52.897', '2026-06-07 23:06:52.897', '2026-06-15 23:06:52.897', '2026-06-17 23:06:52.897', '2026-06-17 23:06:52.897');
INSERT INTO public.challenge_enrollments VALUES ('3503fedf-b239-46d9-af52-02c9dfc10e7e', 'dbf223aa-b09f-46c6-87d9-f9d5e9acc158', 'a82189a5-3b6d-41cc-8046-352609e2e821', 'SUBMITTED', '2026-06-17 23:06:52.998', '2026-06-07 23:06:52.998', '2026-06-15 23:06:52.998', '2026-06-17 23:06:52.998', '2026-06-17 23:06:52.998');
INSERT INTO public.challenge_enrollments VALUES ('990a873e-e376-4108-aa8f-763d7a0369d8', 'dbf223aa-b09f-46c6-87d9-f9d5e9acc158', '2e2dae01-ff70-4382-93be-b3da76629e58', 'EVALUATED', '2026-06-17 23:06:53.065', '2026-06-07 23:06:53.065', '2026-06-15 23:06:53.065', '2026-06-17 23:06:53.065', '2026-06-17 23:06:53.065');
INSERT INTO public.challenge_enrollments VALUES ('df463722-fc7c-455b-b0bc-20fa5a112855', '4c37e820-c0c2-4388-8248-d6a222698887', '3ee7cdd4-9049-41c0-b676-b6818deb1186', 'SUBMITTED', '2026-06-17 23:06:53.132', '2026-06-07 23:06:53.132', '2026-06-15 23:06:53.132', '2026-06-17 23:06:53.133', '2026-06-17 23:06:53.133');
INSERT INTO public.challenge_enrollments VALUES ('bc4a4e22-980a-4d52-a1f4-12c394342f5b', '4c37e820-c0c2-4388-8248-d6a222698887', '40f8fb5a-6bc1-4159-9138-4fe62e50cfd7', 'SUBMITTED', '2026-06-17 23:06:53.201', '2026-06-07 23:06:53.201', '2026-06-15 23:06:53.201', '2026-06-17 23:06:53.201', '2026-06-17 23:06:53.201');
INSERT INTO public.challenge_enrollments VALUES ('60ea4a0a-3414-4e1f-b6be-932ae7622546', '4c37e820-c0c2-4388-8248-d6a222698887', '801ab103-a659-477d-8a09-3e1e0a4c8b8b', 'EVALUATED', '2026-06-17 23:06:53.269', '2026-06-07 23:06:53.269', '2026-06-15 23:06:53.269', '2026-06-17 23:06:53.269', '2026-06-17 23:06:53.269');
INSERT INTO public.challenge_enrollments VALUES ('f50f13ef-4c7a-4c14-a26e-06b4832bbdc2', '4bb448db-2c45-467d-be47-9b7ff6a49d8f', '3ee7cdd4-9049-41c0-b676-b6818deb1186', 'SUBMITTED', '2026-06-17 23:06:53.388', '2026-06-07 23:06:53.388', '2026-06-15 23:06:53.388', '2026-06-17 23:06:53.388', '2026-06-17 23:06:53.388');
INSERT INTO public.challenge_enrollments VALUES ('4341af49-9287-481c-8fb4-12d9337bbe7e', '4bb448db-2c45-467d-be47-9b7ff6a49d8f', '40f8fb5a-6bc1-4159-9138-4fe62e50cfd7', 'SUBMITTED', '2026-06-17 23:06:53.457', '2026-06-07 23:06:53.457', '2026-06-15 23:06:53.457', '2026-06-17 23:06:53.458', '2026-06-17 23:06:53.458');
INSERT INTO public.challenge_enrollments VALUES ('6cb501b1-dbf6-457c-afd6-64a68f8cd270', '4bb448db-2c45-467d-be47-9b7ff6a49d8f', '801ab103-a659-477d-8a09-3e1e0a4c8b8b', 'EVALUATED', '2026-06-17 23:06:53.525', '2026-06-07 23:06:53.525', '2026-06-15 23:06:53.525', '2026-06-17 23:06:53.526', '2026-06-17 23:06:53.526');
INSERT INTO public.challenge_enrollments VALUES ('8d3ba356-1a26-4c9f-a1ed-162ff905c94c', '4bb448db-2c45-467d-be47-9b7ff6a49d8f', '48e7af07-051e-4e65-9306-0a08696242ed', 'SUBMITTED', '2026-06-17 23:06:53.627', '2026-06-07 23:06:53.627', '2026-06-15 23:06:53.627', '2026-06-17 23:06:53.628', '2026-06-17 23:06:53.628');
INSERT INTO public.challenge_enrollments VALUES ('2383048a-6fd1-48a3-aa6b-69a58fa512c7', '4bb448db-2c45-467d-be47-9b7ff6a49d8f', 'af89d438-5ad4-4b1c-866f-1ea13dabf224', 'SUBMITTED', '2026-06-17 23:06:53.695', '2026-06-07 23:06:53.695', '2026-06-15 23:06:53.695', '2026-06-17 23:06:53.696', '2026-06-17 23:06:53.696');
INSERT INTO public.challenge_enrollments VALUES ('e472f8cd-0f16-4629-945e-dabbc3d86519', '7684dcb6-0f0b-480b-9450-b904f6d601f8', '48e7af07-051e-4e65-9306-0a08696242ed', 'EVALUATED', '2026-06-17 23:06:53.763', '2026-06-07 23:06:53.763', '2026-06-15 23:06:53.763', '2026-06-17 23:06:53.763', '2026-06-17 23:06:53.763');
INSERT INTO public.challenge_enrollments VALUES ('419478c6-0c0d-4d90-b582-71e86f626749', '7684dcb6-0f0b-480b-9450-b904f6d601f8', '801ab103-a659-477d-8a09-3e1e0a4c8b8b', 'SUBMITTED', '2026-06-17 23:06:53.843', '2026-06-07 23:06:53.843', '2026-06-15 23:06:53.843', '2026-06-17 23:06:53.844', '2026-06-17 23:06:53.844');
INSERT INTO public.challenge_enrollments VALUES ('072e2e11-1fd8-4212-b686-917f682b0d3d', '7684dcb6-0f0b-480b-9450-b904f6d601f8', 'da5d167b-8d9c-46f7-92c1-7d5d29352c09', 'SUBMITTED', '2026-06-17 23:06:53.911', '2026-06-07 23:06:53.911', '2026-06-15 23:06:53.911', '2026-06-17 23:06:53.911', '2026-06-17 23:06:53.911');
INSERT INTO public.challenge_enrollments VALUES ('287d281e-589f-45f0-8685-d72534829921', '7684dcb6-0f0b-480b-9450-b904f6d601f8', 'a82189a5-3b6d-41cc-8046-352609e2e821', 'EVALUATED', '2026-06-17 23:06:53.979', '2026-06-07 23:06:53.979', '2026-06-15 23:06:53.979', '2026-06-17 23:06:53.979', '2026-06-17 23:06:53.979');
INSERT INTO public.challenge_enrollments VALUES ('4efbea26-8386-4a2a-9ca6-1b631e95f771', '7684dcb6-0f0b-480b-9450-b904f6d601f8', 'af89d438-5ad4-4b1c-866f-1ea13dabf224', 'EVALUATED', '2026-06-17 23:06:54.08', '2026-06-07 23:06:54.08', '2026-06-15 23:06:54.08', '2026-06-17 23:06:54.08', '2026-06-17 23:06:54.08');
INSERT INTO public.challenge_enrollments VALUES ('046365b0-075a-4a16-a11d-2ebc88b533ed', '721c9305-807d-4f8e-8516-23a720c39e42', 'a01d040b-550a-4eb8-a453-70b671d7136d', 'SUBMITTED', '2026-06-17 23:06:54.148', '2026-06-07 23:06:54.148', '2026-06-15 23:06:54.148', '2026-06-17 23:06:54.148', '2026-06-17 23:06:54.148');
INSERT INTO public.challenge_enrollments VALUES ('ad8cf8dd-04f1-454f-85ab-c4b2d4a900b0', '721c9305-807d-4f8e-8516-23a720c39e42', '3611bcad-0f21-4d63-910c-3a3936de12f4', 'SUBMITTED', '2026-06-17 23:06:54.216', '2026-06-07 23:06:54.216', '2026-06-15 23:06:54.216', '2026-06-17 23:06:54.216', '2026-06-17 23:06:54.216');
INSERT INTO public.challenge_enrollments VALUES ('224e458d-51e2-40e3-aa22-1a021e413e2b', '721c9305-807d-4f8e-8516-23a720c39e42', '48e7af07-051e-4e65-9306-0a08696242ed', 'EVALUATED', '2026-06-17 23:06:54.284', '2026-06-07 23:06:54.284', '2026-06-15 23:06:54.284', '2026-06-17 23:06:54.284', '2026-06-17 23:06:54.284');
INSERT INTO public.challenge_enrollments VALUES ('4a24cff1-aa42-42a9-949e-d80e9cf3726e', '721c9305-807d-4f8e-8516-23a720c39e42', '801ab103-a659-477d-8a09-3e1e0a4c8b8b', 'EVALUATED', '2026-06-17 23:06:54.386', '2026-06-07 23:06:54.386', '2026-06-15 23:06:54.386', '2026-06-17 23:06:54.386', '2026-06-17 23:06:54.386');
INSERT INTO public.challenge_enrollments VALUES ('0a39d42e-df04-464c-8a0a-72bd8ae7d3f6', '721c9305-807d-4f8e-8516-23a720c39e42', 'c1ffdbbb-9512-401b-9113-f5ff9f32af69', 'SUBMITTED', '2026-06-17 23:06:54.488', '2026-06-07 23:06:54.488', '2026-06-15 23:06:54.488', '2026-06-17 23:06:54.489', '2026-06-17 23:06:54.489');
INSERT INTO public.challenge_enrollments VALUES ('80feaf61-7818-407a-930a-d072e367b8d6', 'e53f3f0c-ef5b-41ca-a445-f166ba30118c', 'a01d040b-550a-4eb8-a453-70b671d7136d', 'EVALUATED', '2026-06-17 23:06:54.557', '2026-06-07 23:06:54.557', '2026-06-15 23:06:54.557', '2026-06-17 23:06:54.558', '2026-06-17 23:06:54.558');
INSERT INTO public.challenge_enrollments VALUES ('47479900-8d80-4aaa-a0b1-684bf1f26923', 'e53f3f0c-ef5b-41ca-a445-f166ba30118c', 'af89d438-5ad4-4b1c-866f-1ea13dabf224', 'SUBMITTED', '2026-06-17 23:06:54.659', '2026-06-07 23:06:54.659', '2026-06-15 23:06:54.659', '2026-06-17 23:06:54.66', '2026-06-17 23:06:54.66');
INSERT INTO public.challenge_enrollments VALUES ('445feb8e-e11d-40bd-b8c2-3396cf16bf7d', 'e53f3f0c-ef5b-41ca-a445-f166ba30118c', '71504405-98b1-442a-89c8-ba8e1dd52294', 'EVALUATED', '2026-06-17 23:06:54.729', '2026-06-07 23:06:54.729', '2026-06-15 23:06:54.729', '2026-06-17 23:06:54.729', '2026-06-17 23:06:54.729');
INSERT INTO public.challenge_enrollments VALUES ('dbf4ec51-e2ac-4720-88b9-020c4f489809', 'e53f3f0c-ef5b-41ca-a445-f166ba30118c', '3611bcad-0f21-4d63-910c-3a3936de12f4', 'EVALUATED', '2026-06-17 23:06:54.831', '2026-06-07 23:06:54.831', '2026-06-15 23:06:54.831', '2026-06-17 23:06:54.831', '2026-06-17 23:06:54.831');
INSERT INTO public.challenge_enrollments VALUES ('05deef03-1999-40b0-9932-039f879cb01d', 'e53f3f0c-ef5b-41ca-a445-f166ba30118c', '50054215-56be-4c19-86f5-589e5cdec8f2', 'EVALUATED', '2026-06-17 23:06:54.898', '2026-06-07 23:06:54.898', '2026-06-15 23:06:54.898', '2026-06-17 23:06:54.898', '2026-06-17 23:06:54.898');
INSERT INTO public.challenge_enrollments VALUES ('f6d2ca13-7903-4bca-8d82-25075ba8ea9a', '17d2c69a-1c52-4ae9-9a32-33895435d19a', 'a82189a5-3b6d-41cc-8046-352609e2e821', 'EVALUATED', '2026-06-17 23:06:54.965', '2026-06-07 23:06:54.965', '2026-06-15 23:06:54.965', '2026-06-17 23:06:54.965', '2026-06-17 23:06:54.965');
INSERT INTO public.challenge_enrollments VALUES ('5effe4c4-0ab0-4bdf-97c2-8b4f0202a2d3', '17d2c69a-1c52-4ae9-9a32-33895435d19a', '2e2dae01-ff70-4382-93be-b3da76629e58', 'EVALUATED', '2026-06-17 23:06:55.075', '2026-06-07 23:06:55.075', '2026-06-15 23:06:55.075', '2026-06-17 23:06:55.075', '2026-06-17 23:06:55.075');
INSERT INTO public.challenge_enrollments VALUES ('909bd550-1e2f-4c3d-8794-1e6a822f98b6', '17d2c69a-1c52-4ae9-9a32-33895435d19a', '831e90e9-daee-4578-a3ec-009f40ca6db4', 'SUBMITTED', '2026-06-17 23:06:55.149', '2026-06-07 23:06:55.149', '2026-06-15 23:06:55.149', '2026-06-17 23:06:55.149', '2026-06-17 23:06:55.149');
INSERT INTO public.challenge_enrollments VALUES ('3bbc14ec-3fb5-416c-8d5a-6236306687ab', '62e13de3-9c88-4977-a2db-6bd4fe0d19ed', 'a82189a5-3b6d-41cc-8046-352609e2e821', 'EVALUATED', '2026-06-17 23:06:55.217', '2026-06-07 23:06:55.217', '2026-06-15 23:06:55.217', '2026-06-17 23:06:55.217', '2026-06-17 23:06:55.217');
INSERT INTO public.challenge_enrollments VALUES ('f216ba2e-529d-49f1-9bfd-964d61298094', '62e13de3-9c88-4977-a2db-6bd4fe0d19ed', 'e1142cdf-02d4-4bcf-8f08-a10259c7ad61', 'SUBMITTED', '2026-06-17 23:06:55.284', '2026-06-07 23:06:55.284', '2026-06-15 23:06:55.284', '2026-06-17 23:06:55.284', '2026-06-17 23:06:55.284');
INSERT INTO public.challenge_enrollments VALUES ('672cef66-d1b9-480d-beb3-b146d1b990d1', '62e13de3-9c88-4977-a2db-6bd4fe0d19ed', '2e2dae01-ff70-4382-93be-b3da76629e58', 'EVALUATED', '2026-06-17 23:06:55.351', '2026-06-07 23:06:55.351', '2026-06-15 23:06:55.351', '2026-06-17 23:06:55.351', '2026-06-17 23:06:55.351');
INSERT INTO public.challenge_enrollments VALUES ('aaf4989a-64b2-4878-b82a-5e5af0975c68', '62e13de3-9c88-4977-a2db-6bd4fe0d19ed', '801ab103-a659-477d-8a09-3e1e0a4c8b8b', 'SUBMITTED', '2026-06-17 23:06:55.452', '2026-06-07 23:06:55.452', '2026-06-15 23:06:55.452', '2026-06-17 23:06:55.453', '2026-06-17 23:06:55.453');
INSERT INTO public.challenge_enrollments VALUES ('b968e518-3abc-49f7-acee-1e49f24e0bea', '62e13de3-9c88-4977-a2db-6bd4fe0d19ed', '3611bcad-0f21-4d63-910c-3a3936de12f4', 'SUBMITTED', '2026-06-17 23:06:55.522', '2026-06-07 23:06:55.522', '2026-06-15 23:06:55.522', '2026-06-17 23:06:55.522', '2026-06-17 23:06:55.522');
INSERT INTO public.challenge_enrollments VALUES ('1a55babd-16e3-4dd7-be55-05261bf01a5f', '04522ead-0e12-4f54-83a7-5d89e86029b2', '3611bcad-0f21-4d63-910c-3a3936de12f4', 'SUBMITTED', '2026-06-17 23:06:55.59', '2026-06-07 23:06:55.59', '2026-06-15 23:06:55.59', '2026-06-17 23:06:55.59', '2026-06-17 23:06:55.59');
INSERT INTO public.challenge_enrollments VALUES ('939bbacc-9aa3-4a11-b2bf-aa27a81beda5', '04522ead-0e12-4f54-83a7-5d89e86029b2', '2e2dae01-ff70-4382-93be-b3da76629e58', 'SUBMITTED', '2026-06-17 23:06:55.659', '2026-06-07 23:06:55.659', '2026-06-15 23:06:55.659', '2026-06-17 23:06:55.66', '2026-06-17 23:06:55.66');
INSERT INTO public.challenge_enrollments VALUES ('eee51c02-abb8-49bc-a4b2-0a8cc955be7e', '04522ead-0e12-4f54-83a7-5d89e86029b2', '831e90e9-daee-4578-a3ec-009f40ca6db4', 'SUBMITTED', '2026-06-17 23:06:55.728', '2026-06-07 23:06:55.728', '2026-06-15 23:06:55.728', '2026-06-17 23:06:55.728', '2026-06-17 23:06:55.728');
INSERT INTO public.challenge_enrollments VALUES ('07d6cab2-6259-499b-8356-b160f7eded33', 'c3afa3a2-6a6e-43f8-a441-d54a73c4dedb', '3611bcad-0f21-4d63-910c-3a3936de12f4', 'EVALUATED', '2026-06-17 23:06:55.797', '2026-06-07 23:06:55.797', '2026-06-15 23:06:55.797', '2026-06-17 23:06:55.797', '2026-06-17 23:06:55.797');
INSERT INTO public.challenge_enrollments VALUES ('3cc1c92a-c573-4038-8e4e-9fe4853f2ab1', 'c3afa3a2-6a6e-43f8-a441-d54a73c4dedb', 'a01d040b-550a-4eb8-a453-70b671d7136d', 'EVALUATED', '2026-06-17 23:06:55.865', '2026-06-07 23:06:55.865', '2026-06-15 23:06:55.865', '2026-06-17 23:06:55.865', '2026-06-17 23:06:55.865');
INSERT INTO public.challenge_enrollments VALUES ('b9e6f625-6028-4a9c-9cc0-995342452754', 'c3afa3a2-6a6e-43f8-a441-d54a73c4dedb', '2e2dae01-ff70-4382-93be-b3da76629e58', 'EVALUATED', '2026-06-17 23:06:55.975', '2026-06-07 23:06:55.975', '2026-06-15 23:06:55.975', '2026-06-17 23:06:55.976', '2026-06-17 23:06:55.976');
INSERT INTO public.challenge_enrollments VALUES ('9cf61547-7305-441b-8860-0e8fa7741b49', 'c3afa3a2-6a6e-43f8-a441-d54a73c4dedb', '3ee7cdd4-9049-41c0-b676-b6818deb1186', 'EVALUATED', '2026-06-17 23:06:56.043', '2026-06-07 23:06:56.043', '2026-06-15 23:06:56.043', '2026-06-17 23:06:56.044', '2026-06-17 23:06:56.044');
INSERT INTO public.challenge_enrollments VALUES ('cb0f0c58-63cf-4fd2-8734-107e17945061', 'c3afa3a2-6a6e-43f8-a441-d54a73c4dedb', 'c1ffdbbb-9512-401b-9113-f5ff9f32af69', 'SUBMITTED', '2026-06-17 23:06:56.112', '2026-06-07 23:06:56.112', '2026-06-15 23:06:56.112', '2026-06-17 23:06:56.112', '2026-06-17 23:06:56.112');
INSERT INTO public.challenge_enrollments VALUES ('d2f853b7-1dbf-478d-974e-95ecbbb723fa', 'f9cc493f-fa67-4c77-8289-9b8d21fded53', '40f8fb5a-6bc1-4159-9138-4fe62e50cfd7', 'SUBMITTED', '2026-06-17 23:06:56.18', '2026-06-07 23:06:56.18', '2026-06-15 23:06:56.18', '2026-06-17 23:06:56.181', '2026-06-17 23:06:56.181');
INSERT INTO public.challenge_enrollments VALUES ('627f28ae-7baf-4967-87c7-48e00b338836', 'f9cc493f-fa67-4c77-8289-9b8d21fded53', '48e7af07-051e-4e65-9306-0a08696242ed', 'SUBMITTED', '2026-06-17 23:06:56.249', '2026-06-07 23:06:56.249', '2026-06-15 23:06:56.249', '2026-06-17 23:06:56.249', '2026-06-17 23:06:56.249');
INSERT INTO public.challenge_enrollments VALUES ('73bccb89-ce3e-4547-8052-fdd9daf5702c', 'f9cc493f-fa67-4c77-8289-9b8d21fded53', '3611bcad-0f21-4d63-910c-3a3936de12f4', 'EVALUATED', '2026-06-17 23:06:56.316', '2026-06-07 23:06:56.316', '2026-06-15 23:06:56.316', '2026-06-17 23:06:56.317', '2026-06-17 23:06:56.317');
INSERT INTO public.challenge_enrollments VALUES ('82cb578d-ece7-4f81-805d-9b873b6471dd', 'b10347fb-f64d-4dbc-b58d-9913e295f2da', '40f8fb5a-6bc1-4159-9138-4fe62e50cfd7', 'SUBMITTED', '2026-06-17 23:06:56.384', '2026-06-07 23:06:56.384', '2026-06-15 23:06:56.384', '2026-06-17 23:06:56.384', '2026-06-17 23:06:56.384');
INSERT INTO public.challenge_enrollments VALUES ('8f571eef-a4c4-4e02-b6f1-9ca2557752a1', 'b10347fb-f64d-4dbc-b58d-9913e295f2da', '801ab103-a659-477d-8a09-3e1e0a4c8b8b', 'EVALUATED', '2026-06-17 23:06:56.451', '2026-06-07 23:06:56.451', '2026-06-15 23:06:56.451', '2026-06-17 23:06:56.451', '2026-06-17 23:06:56.451');
INSERT INTO public.challenge_enrollments VALUES ('44601207-5ef7-4633-8e5e-a61b9f185a1c', 'b10347fb-f64d-4dbc-b58d-9913e295f2da', 'e1142cdf-02d4-4bcf-8f08-a10259c7ad61', 'EVALUATED', '2026-06-17 23:06:56.518', '2026-06-07 23:06:56.518', '2026-06-15 23:06:56.518', '2026-06-17 23:06:56.519', '2026-06-17 23:06:56.519');
INSERT INTO public.challenge_enrollments VALUES ('b120003c-0b4b-48af-a304-b919c1486d8f', 'b10347fb-f64d-4dbc-b58d-9913e295f2da', '48e7af07-051e-4e65-9306-0a08696242ed', 'EVALUATED', '2026-06-17 23:06:56.621', '2026-06-07 23:06:56.621', '2026-06-15 23:06:56.621', '2026-06-17 23:06:56.621', '2026-06-17 23:06:56.621');
INSERT INTO public.challenge_enrollments VALUES ('2940ff3e-0861-4ffa-8beb-5339fb4f1b50', 'b10347fb-f64d-4dbc-b58d-9913e295f2da', '3611bcad-0f21-4d63-910c-3a3936de12f4', 'EVALUATED', '2026-06-17 23:06:56.688', '2026-06-07 23:06:56.688', '2026-06-15 23:06:56.688', '2026-06-17 23:06:56.689', '2026-06-17 23:06:56.689');
INSERT INTO public.challenge_enrollments VALUES ('0365847f-a370-47b3-aa39-0249102e58cf', '04ca1b99-1c25-4c3b-885a-35767d80e114', '48e7af07-051e-4e65-9306-0a08696242ed', 'SUBMITTED', '2026-06-17 23:06:56.791', '2026-06-07 23:06:56.791', '2026-06-15 23:06:56.791', '2026-06-17 23:06:56.791', '2026-06-17 23:06:56.791');
INSERT INTO public.challenge_enrollments VALUES ('ae34a5bd-7975-4ed7-8077-e19a3b2954c6', '04ca1b99-1c25-4c3b-885a-35767d80e114', 'c1ffdbbb-9512-401b-9113-f5ff9f32af69', 'EVALUATED', '2026-06-17 23:06:56.858', '2026-06-07 23:06:56.858', '2026-06-15 23:06:56.858', '2026-06-17 23:06:56.858', '2026-06-17 23:06:56.858');
INSERT INTO public.challenge_enrollments VALUES ('6d8b2cf2-95fb-44b5-b43f-0a04ec7d39aa', '04ca1b99-1c25-4c3b-885a-35767d80e114', 'e1142cdf-02d4-4bcf-8f08-a10259c7ad61', 'EVALUATED', '2026-06-17 23:06:56.962', '2026-06-07 23:06:56.962', '2026-06-15 23:06:56.962', '2026-06-17 23:06:56.962', '2026-06-17 23:06:56.962');
INSERT INTO public.challenge_enrollments VALUES ('0d1b16cd-dda3-476f-a591-4bd25b56d0a4', '04ca1b99-1c25-4c3b-885a-35767d80e114', '801ab103-a659-477d-8a09-3e1e0a4c8b8b', 'EVALUATED', '2026-06-17 23:06:57.029', '2026-06-07 23:06:57.029', '2026-06-15 23:06:57.029', '2026-06-17 23:06:57.029', '2026-06-17 23:06:57.029');
INSERT INTO public.challenge_enrollments VALUES ('96eba678-232c-474b-b789-3cf385490225', '04ca1b99-1c25-4c3b-885a-35767d80e114', '3611bcad-0f21-4d63-910c-3a3936de12f4', 'SUBMITTED', '2026-06-17 23:06:57.097', '2026-06-07 23:06:57.097', '2026-06-15 23:06:57.097', '2026-06-17 23:06:57.097', '2026-06-17 23:06:57.097');
INSERT INTO public.challenge_enrollments VALUES ('705b2b06-a908-42a0-a827-db72771842a3', '2c3ed174-d8f2-4919-807d-84c306be10d1', '2e2dae01-ff70-4382-93be-b3da76629e58', 'SUBMITTED', '2026-06-17 23:06:57.165', '2026-06-07 23:06:57.165', '2026-06-15 23:06:57.165', '2026-06-17 23:06:57.165', '2026-06-17 23:06:57.165');
INSERT INTO public.challenge_enrollments VALUES ('cd6d590b-8f34-4f74-8f53-e194e81b75cc', '2c3ed174-d8f2-4919-807d-84c306be10d1', '48e7af07-051e-4e65-9306-0a08696242ed', 'SUBMITTED', '2026-06-17 23:06:57.232', '2026-06-07 23:06:57.232', '2026-06-15 23:06:57.232', '2026-06-17 23:06:57.232', '2026-06-17 23:06:57.232');
INSERT INTO public.challenge_enrollments VALUES ('d3b47f49-166f-49db-8b21-33e78dddfc86', '2c3ed174-d8f2-4919-807d-84c306be10d1', 'a82189a5-3b6d-41cc-8046-352609e2e821', 'SUBMITTED', '2026-06-17 23:06:57.299', '2026-06-07 23:06:57.299', '2026-06-15 23:06:57.299', '2026-06-17 23:06:57.299', '2026-06-17 23:06:57.299');
INSERT INTO public.challenge_enrollments VALUES ('354d2b7f-a757-43d2-b0ea-ff7db3dd459f', '2c3ed174-d8f2-4919-807d-84c306be10d1', 'c1ffdbbb-9512-401b-9113-f5ff9f32af69', 'EVALUATED', '2026-06-17 23:06:57.367', '2026-06-07 23:06:57.367', '2026-06-15 23:06:57.367', '2026-06-17 23:06:57.367', '2026-06-17 23:06:57.367');
INSERT INTO public.challenge_enrollments VALUES ('a07319a1-c89f-4315-9596-d594414cfdc3', '2c3ed174-d8f2-4919-807d-84c306be10d1', '71504405-98b1-442a-89c8-ba8e1dd52294', 'EVALUATED', '2026-06-17 23:06:57.468', '2026-06-07 23:06:57.468', '2026-06-15 23:06:57.468', '2026-06-17 23:06:57.468', '2026-06-17 23:06:57.468');


--
-- Data for Name: discussions; Type: TABLE DATA; Schema: public; Owner: neondb_owner
--



--
-- Data for Name: notifications; Type: TABLE DATA; Schema: public; Owner: neondb_owner
--



--
-- Data for Name: submissions; Type: TABLE DATA; Schema: public; Owner: neondb_owner
--

INSERT INTO public.submissions VALUES ('9a45a3fa-6c2e-4c7f-b056-b2e37e53ae0b', 'cc981ba5-9f71-4b74-9a2a-f0775096bfc4', '2d19cf14-0986-40f3-90ea-0a4020a9e1d7', '3ee7cdd4-9049-41c0-b676-b6818deb1186', NULL, 'https://github.com/mock/repo', 'https://figma.com/mock', 'https://demo.com', NULL, NULL, NULL, 43.10524449784158, 48.10524449784158, NULL, 'FAILED', 'NONE', false, '2026-06-17 23:06:50.987', '2026-06-17 23:06:50.988', '2026-06-17 23:06:50.988');
INSERT INTO public.submissions VALUES ('d63a649a-1dd0-4489-a3ab-c7f79213b8fb', 'c64a39f3-5d91-4da2-89d9-623ce93a42d1', '2d19cf14-0986-40f3-90ea-0a4020a9e1d7', 'c1ffdbbb-9512-401b-9113-f5ff9f32af69', NULL, 'https://github.com/mock/repo', 'https://figma.com/mock', 'https://demo.com', NULL, NULL, NULL, 86.75139962502357, 91.75139962502357, NULL, 'PASSED', 'SHORTLISTED', false, '2026-06-17 23:06:51.059', '2026-06-17 23:06:51.059', '2026-06-17 23:06:51.059');
INSERT INTO public.submissions VALUES ('aab8a34c-4b27-4b04-91c3-befd29d06117', 'd7820863-914d-440f-b269-4cd2cb5d4eef', '2d19cf14-0986-40f3-90ea-0a4020a9e1d7', 'a82189a5-3b6d-41cc-8046-352609e2e821', NULL, 'https://github.com/mock/repo', 'https://figma.com/mock', 'https://demo.com', NULL, NULL, NULL, 83.2530284365076, 88.2530284365076, NULL, 'PASSED', 'SHORTLISTED', false, '2026-06-17 23:06:51.166', '2026-06-17 23:06:51.167', '2026-06-17 23:06:51.167');
INSERT INTO public.submissions VALUES ('b74eb0c9-b976-4524-bbd3-d90121a0f071', 'cb061bff-31da-4ed7-8aaa-0c9384e4d200', '996e2df9-9260-4c4a-8dd0-f569b336be6a', '831e90e9-daee-4578-a3ec-009f40ca6db4', NULL, 'https://github.com/mock/repo', 'https://figma.com/mock', 'https://demo.com', NULL, NULL, NULL, NULL, NULL, NULL, 'UNDER_REVIEW', 'NONE', false, NULL, '2026-06-17 23:06:51.271', '2026-06-17 23:06:51.271');
INSERT INTO public.submissions VALUES ('b0b2bec8-c1dc-42c9-b378-31a9e38674df', 'de227049-7d8a-4959-8f14-b3ac36d35ca6', '996e2df9-9260-4c4a-8dd0-f569b336be6a', 'a82189a5-3b6d-41cc-8046-352609e2e821', NULL, 'https://github.com/mock/repo', 'https://figma.com/mock', 'https://demo.com', NULL, NULL, NULL, NULL, NULL, NULL, 'UNDER_REVIEW', 'NONE', false, NULL, '2026-06-17 23:06:51.34', '2026-06-17 23:06:51.34');
INSERT INTO public.submissions VALUES ('4cace68b-0f31-42de-a577-3d3ef2b728aa', 'ad672e51-2f51-4f7f-b7dc-3f6f3c54a955', '996e2df9-9260-4c4a-8dd0-f569b336be6a', '71504405-98b1-442a-89c8-ba8e1dd52294', NULL, 'https://github.com/mock/repo', 'https://figma.com/mock', 'https://demo.com', NULL, NULL, NULL, NULL, NULL, NULL, 'UNDER_REVIEW', 'NONE', false, NULL, '2026-06-17 23:06:51.407', '2026-06-17 23:06:51.407');
INSERT INTO public.submissions VALUES ('feceebff-039d-40cc-b178-d3a8b72c2ef2', '51c820ed-8ed8-4331-869e-91b196b1c20b', '996e2df9-9260-4c4a-8dd0-f569b336be6a', '48e7af07-051e-4e65-9306-0a08696242ed', NULL, 'https://github.com/mock/repo', 'https://figma.com/mock', 'https://demo.com', NULL, NULL, NULL, NULL, NULL, NULL, 'PENDING_AI', 'NONE', false, NULL, '2026-06-17 23:06:51.475', '2026-06-17 23:06:51.475');
INSERT INTO public.submissions VALUES ('695e5c47-3652-4441-9729-f103bdcf39a7', 'cfed2378-90e5-45f9-a329-05ff29092005', '996e2df9-9260-4c4a-8dd0-f569b336be6a', 'a01d040b-550a-4eb8-a453-70b671d7136d', NULL, 'https://github.com/mock/repo', 'https://figma.com/mock', 'https://demo.com', NULL, NULL, NULL, NULL, NULL, NULL, 'UNDER_REVIEW', 'NONE', false, NULL, '2026-06-17 23:06:51.554', '2026-06-17 23:06:51.554');
INSERT INTO public.submissions VALUES ('20c05798-58e2-4129-a5c1-9c921a3fd272', '8d7bf6a8-c0fd-4efe-a045-0168b6f99be2', 'e18a568e-192e-4612-95af-19f50978883d', 'da5d167b-8d9c-46f7-92c1-7d5d29352c09', NULL, 'https://github.com/mock/repo', 'https://figma.com/mock', 'https://demo.com', NULL, NULL, NULL, NULL, NULL, NULL, 'PENDING_AI', 'NONE', false, NULL, '2026-06-17 23:06:51.622', '2026-06-17 23:06:51.622');
INSERT INTO public.submissions VALUES ('4568c1ef-595c-40b6-b72e-3c674d95fe3e', 'c695cf69-40b3-4f8e-a8d1-63e8e82518e6', 'e18a568e-192e-4612-95af-19f50978883d', '3611bcad-0f21-4d63-910c-3a3936de12f4', NULL, 'https://github.com/mock/repo', 'https://figma.com/mock', 'https://demo.com', NULL, NULL, NULL, NULL, NULL, NULL, 'PENDING_AI', 'NONE', false, NULL, '2026-06-17 23:06:51.689', '2026-06-17 23:06:51.689');
INSERT INTO public.submissions VALUES ('21df6c16-1ada-40d7-9a4e-04dba1a37e68', '23153363-4eb5-453e-9a48-aca1537557fc', 'e18a568e-192e-4612-95af-19f50978883d', 'af89d438-5ad4-4b1c-866f-1ea13dabf224', NULL, 'https://github.com/mock/repo', 'https://figma.com/mock', 'https://demo.com', NULL, NULL, NULL, NULL, NULL, NULL, 'UNDER_REVIEW', 'NONE', false, NULL, '2026-06-17 23:06:51.757', '2026-06-17 23:06:51.757');
INSERT INTO public.submissions VALUES ('e60b2012-dca7-4894-a78c-82b26df8a338', '0ef20f00-1204-4f7b-b217-11f767df6faf', '305a7571-f605-46c7-b6ea-8de587cdd9d9', '71504405-98b1-442a-89c8-ba8e1dd52294', NULL, 'https://github.com/mock/repo', 'https://figma.com/mock', 'https://demo.com', NULL, NULL, NULL, NULL, NULL, NULL, 'UNDER_REVIEW', 'NONE', false, NULL, '2026-06-17 23:06:51.826', '2026-06-17 23:06:51.826');
INSERT INTO public.submissions VALUES ('a4d622eb-0159-43ff-a2a0-169369005e5d', 'c1c777d3-02da-40f2-b545-486a1c5003cb', '305a7571-f605-46c7-b6ea-8de587cdd9d9', '48e7af07-051e-4e65-9306-0a08696242ed', NULL, 'https://github.com/mock/repo', 'https://figma.com/mock', 'https://demo.com', NULL, NULL, NULL, 20.77848398161532, 25.77848398161532, NULL, 'FAILED', 'NONE', false, '2026-06-17 23:06:51.895', '2026-06-17 23:06:51.895', '2026-06-17 23:06:51.895');
INSERT INTO public.submissions VALUES ('69ae7ae3-eeac-4a5c-987a-124592db42d4', '757f7fb9-e2ea-46a1-8cce-eed58c1ac665', '305a7571-f605-46c7-b6ea-8de587cdd9d9', '801ab103-a659-477d-8a09-3e1e0a4c8b8b', NULL, 'https://github.com/mock/repo', 'https://figma.com/mock', 'https://demo.com', NULL, NULL, NULL, 91.39107438781366, 96.39107438781366, NULL, 'PASSED', 'INTERVIEW_INVITED', false, '2026-06-17 23:06:51.964', '2026-06-17 23:06:51.965', '2026-06-17 23:06:51.965');
INSERT INTO public.submissions VALUES ('acafe8eb-c61c-46ce-ab0f-57c6dbbd6a20', 'dc0fc65b-7bc7-4e46-bb92-6e8aae510539', '305a7571-f605-46c7-b6ea-8de587cdd9d9', '3611bcad-0f21-4d63-910c-3a3936de12f4', NULL, 'https://github.com/mock/repo', 'https://figma.com/mock', 'https://demo.com', NULL, NULL, NULL, 86.89230873322776, 91.89230873322776, NULL, 'PASSED', 'HIRED', false, '2026-06-17 23:06:52.07', '2026-06-17 23:06:52.07', '2026-06-17 23:06:52.07');
INSERT INTO public.submissions VALUES ('978836b0-93a9-4509-b4f2-3ca912a51d05', 'c8756755-931d-4e12-8cb5-182ea1279a50', '305a7571-f605-46c7-b6ea-8de587cdd9d9', 'a82189a5-3b6d-41cc-8046-352609e2e821', NULL, 'https://github.com/mock/repo', 'https://figma.com/mock', 'https://demo.com', NULL, NULL, NULL, NULL, NULL, NULL, 'UNDER_REVIEW', 'NONE', false, NULL, '2026-06-17 23:06:52.172', '2026-06-17 23:06:52.172');
INSERT INTO public.submissions VALUES ('d0572d0a-3ee0-4b0f-922b-c94984bc6285', '3924a921-1a0a-4de3-a74a-43d02c6e8d72', '43672ac6-16f3-4f00-99d5-edf100bcc25b', 'a01d040b-550a-4eb8-a453-70b671d7136d', NULL, 'https://github.com/mock/repo', 'https://figma.com/mock', 'https://demo.com', NULL, NULL, NULL, NULL, NULL, NULL, 'UNDER_REVIEW', 'NONE', false, NULL, '2026-06-17 23:06:52.24', '2026-06-17 23:06:52.24');
INSERT INTO public.submissions VALUES ('d933d477-d987-40b7-9b78-1e206bb3daa1', '6ebca367-0b0b-45aa-8060-e33e59fb282a', '43672ac6-16f3-4f00-99d5-edf100bcc25b', '2e2dae01-ff70-4382-93be-b3da76629e58', NULL, 'https://github.com/mock/repo', 'https://figma.com/mock', 'https://demo.com', NULL, NULL, NULL, NULL, NULL, NULL, 'UNDER_REVIEW', 'NONE', false, NULL, '2026-06-17 23:06:52.309', '2026-06-17 23:06:52.309');
INSERT INTO public.submissions VALUES ('371b3f1c-a662-4fc3-bc29-26f7c1710319', '03517cb3-0950-423b-90ba-e3266bdac588', '43672ac6-16f3-4f00-99d5-edf100bcc25b', 'e1142cdf-02d4-4bcf-8f08-a10259c7ad61', NULL, 'https://github.com/mock/repo', 'https://figma.com/mock', 'https://demo.com', NULL, NULL, NULL, NULL, NULL, NULL, 'PENDING_AI', 'NONE', false, NULL, '2026-06-17 23:06:52.377', '2026-06-17 23:06:52.377');
INSERT INTO public.submissions VALUES ('f940cd25-32b2-40b2-91eb-ec2afd5ac24e', 'c046a9df-cff9-42e7-8bfc-9338a962ec70', '3246110c-9a8f-47a0-9c78-4c178616f6a9', 'c1ffdbbb-9512-401b-9113-f5ff9f32af69', NULL, 'https://github.com/mock/repo', 'https://figma.com/mock', 'https://demo.com', NULL, NULL, NULL, 30.909223288357296, 35.909223288357296, NULL, 'FAILED', 'NONE', false, '2026-06-17 23:06:52.444', '2026-06-17 23:06:52.444', '2026-06-17 23:06:52.444');
INSERT INTO public.submissions VALUES ('97d1343e-00a4-424a-a14a-1622a02b8e55', '169d3364-2409-465e-918a-c9d2b57adbf0', '3246110c-9a8f-47a0-9c78-4c178616f6a9', 'da5d167b-8d9c-46f7-92c1-7d5d29352c09', NULL, 'https://github.com/mock/repo', 'https://figma.com/mock', 'https://demo.com', NULL, NULL, NULL, NULL, NULL, NULL, 'UNDER_REVIEW', 'NONE', false, NULL, '2026-06-17 23:06:52.522', '2026-06-17 23:06:52.522');
INSERT INTO public.submissions VALUES ('2f1dd78a-fb2f-4259-a5c8-4ccddf9b50a5', '5cc02492-0af6-4ef9-9d6b-2e5cb6f6be54', '3246110c-9a8f-47a0-9c78-4c178616f6a9', '40f8fb5a-6bc1-4159-9138-4fe62e50cfd7', NULL, 'https://github.com/mock/repo', 'https://figma.com/mock', 'https://demo.com', NULL, NULL, NULL, NULL, NULL, NULL, 'PENDING_AI', 'NONE', false, NULL, '2026-06-17 23:06:52.591', '2026-06-17 23:06:52.591');
INSERT INTO public.submissions VALUES ('2585292c-4a5f-445f-a899-aab26ce3ad56', '1648c372-464f-48cc-9479-a5bcd9ff079a', '3246110c-9a8f-47a0-9c78-4c178616f6a9', 'a01d040b-550a-4eb8-a453-70b671d7136d', NULL, 'https://github.com/mock/repo', 'https://figma.com/mock', 'https://demo.com', NULL, NULL, NULL, 76.0162111108305, 81.0162111108305, NULL, 'PASSED', 'INTERVIEW_INVITED', false, '2026-06-17 23:06:52.658', '2026-06-17 23:06:52.658', '2026-06-17 23:06:52.658');
INSERT INTO public.submissions VALUES ('2e776043-cb28-434a-a494-1c4f7baaf738', '4279fbf0-4830-4736-bbdc-ad58e623257b', 'dbf223aa-b09f-46c6-87d9-f9d5e9acc158', '71504405-98b1-442a-89c8-ba8e1dd52294', NULL, 'https://github.com/mock/repo', 'https://figma.com/mock', 'https://demo.com', NULL, NULL, NULL, 80.45233745380304, 85.45233745380304, NULL, 'PASSED', 'SHORTLISTED', false, '2026-06-17 23:06:52.76', '2026-06-17 23:06:52.76', '2026-06-17 23:06:52.76');
INSERT INTO public.submissions VALUES ('dffc9b31-a860-41f1-aea4-a1d644abc237', 'fc87e97e-6dda-4264-b48e-97b5735e2ea5', 'dbf223aa-b09f-46c6-87d9-f9d5e9acc158', '3ee7cdd4-9049-41c0-b676-b6818deb1186', NULL, 'https://github.com/mock/repo', 'https://figma.com/mock', 'https://demo.com', NULL, NULL, NULL, NULL, NULL, NULL, 'PENDING_AI', 'NONE', false, NULL, '2026-06-17 23:06:52.863', '2026-06-17 23:06:52.863');
INSERT INTO public.submissions VALUES ('af7b2678-e623-441e-bb67-187f79d34495', '059275f8-0a46-4557-82f8-6a77df8543e1', 'dbf223aa-b09f-46c6-87d9-f9d5e9acc158', 'e1142cdf-02d4-4bcf-8f08-a10259c7ad61', NULL, 'https://github.com/mock/repo', 'https://figma.com/mock', 'https://demo.com', NULL, NULL, NULL, 76.42068145321574, 81.42068145321574, NULL, 'PASSED', 'SHORTLISTED', false, '2026-06-17 23:06:52.93', '2026-06-17 23:06:52.93', '2026-06-17 23:06:52.93');
INSERT INTO public.submissions VALUES ('ea243907-97cb-4b69-b061-611d5d676843', '3503fedf-b239-46d9-af52-02c9dfc10e7e', 'dbf223aa-b09f-46c6-87d9-f9d5e9acc158', 'a82189a5-3b6d-41cc-8046-352609e2e821', NULL, 'https://github.com/mock/repo', 'https://figma.com/mock', 'https://demo.com', NULL, NULL, NULL, NULL, NULL, NULL, 'PENDING_AI', 'NONE', false, NULL, '2026-06-17 23:06:53.031', '2026-06-17 23:06:53.031');
INSERT INTO public.submissions VALUES ('b7dbcd14-f286-4171-a21d-0c2c12b83552', '990a873e-e376-4108-aa8f-763d7a0369d8', 'dbf223aa-b09f-46c6-87d9-f9d5e9acc158', '2e2dae01-ff70-4382-93be-b3da76629e58', NULL, 'https://github.com/mock/repo', 'https://figma.com/mock', 'https://demo.com', NULL, NULL, NULL, 16.894291299538917, 21.894291299538917, NULL, 'FAILED', 'NONE', false, '2026-06-17 23:06:53.098', '2026-06-17 23:06:53.099', '2026-06-17 23:06:53.099');
INSERT INTO public.submissions VALUES ('1ade3452-6074-4ae0-90cd-1ac2cc657e3d', 'df463722-fc7c-455b-b0bc-20fa5a112855', '4c37e820-c0c2-4388-8248-d6a222698887', '3ee7cdd4-9049-41c0-b676-b6818deb1186', NULL, 'https://github.com/mock/repo', 'https://figma.com/mock', 'https://demo.com', NULL, NULL, NULL, NULL, NULL, NULL, 'UNDER_REVIEW', 'NONE', false, NULL, '2026-06-17 23:06:53.167', '2026-06-17 23:06:53.167');
INSERT INTO public.submissions VALUES ('323f4d10-d926-495b-8a85-0a03e693d758', 'bc4a4e22-980a-4d52-a1f4-12c394342f5b', '4c37e820-c0c2-4388-8248-d6a222698887', '40f8fb5a-6bc1-4159-9138-4fe62e50cfd7', NULL, 'https://github.com/mock/repo', 'https://figma.com/mock', 'https://demo.com', NULL, NULL, NULL, NULL, NULL, NULL, 'PENDING_AI', 'NONE', false, NULL, '2026-06-17 23:06:53.235', '2026-06-17 23:06:53.235');
INSERT INTO public.submissions VALUES ('0dd7f589-bb51-4a4f-a6a4-97ce1099c037', '60ea4a0a-3414-4e1f-b6be-932ae7622546', '4c37e820-c0c2-4388-8248-d6a222698887', '801ab103-a659-477d-8a09-3e1e0a4c8b8b', NULL, 'https://github.com/mock/repo', 'https://figma.com/mock', 'https://demo.com', NULL, NULL, NULL, 80.87610419964166, 85.87610419964166, NULL, 'PASSED', 'INTERVIEW_INVITED', false, '2026-06-17 23:06:53.303', '2026-06-17 23:06:53.303', '2026-06-17 23:06:53.303');
INSERT INTO public.submissions VALUES ('4804170a-451a-4921-8d6c-c69272829183', 'f50f13ef-4c7a-4c14-a26e-06b4832bbdc2', '4bb448db-2c45-467d-be47-9b7ff6a49d8f', '3ee7cdd4-9049-41c0-b676-b6818deb1186', NULL, 'https://github.com/mock/repo', 'https://figma.com/mock', 'https://demo.com', NULL, NULL, NULL, NULL, NULL, NULL, 'PENDING_AI', 'NONE', false, NULL, '2026-06-17 23:06:53.423', '2026-06-17 23:06:53.423');
INSERT INTO public.submissions VALUES ('0b43908e-5f4c-4f39-ad66-9294d6a0046d', '4341af49-9287-481c-8fb4-12d9337bbe7e', '4bb448db-2c45-467d-be47-9b7ff6a49d8f', '40f8fb5a-6bc1-4159-9138-4fe62e50cfd7', NULL, 'https://github.com/mock/repo', 'https://figma.com/mock', 'https://demo.com', NULL, NULL, NULL, NULL, NULL, NULL, 'PENDING_AI', 'NONE', false, NULL, '2026-06-17 23:06:53.492', '2026-06-17 23:06:53.492');
INSERT INTO public.submissions VALUES ('baaa2a5a-1085-4b3c-b4bc-96deeeb7bd33', '6cb501b1-dbf6-457c-afd6-64a68f8cd270', '4bb448db-2c45-467d-be47-9b7ff6a49d8f', '801ab103-a659-477d-8a09-3e1e0a4c8b8b', NULL, 'https://github.com/mock/repo', 'https://figma.com/mock', 'https://demo.com', NULL, NULL, NULL, 91.89626748891736, 96.89626748891736, NULL, 'PASSED', 'SHORTLISTED', false, '2026-06-17 23:06:53.559', '2026-06-17 23:06:53.559', '2026-06-17 23:06:53.559');
INSERT INTO public.submissions VALUES ('4a072c49-adb2-43a3-8865-7013a106c542', '8d3ba356-1a26-4c9f-a1ed-162ff905c94c', '4bb448db-2c45-467d-be47-9b7ff6a49d8f', '48e7af07-051e-4e65-9306-0a08696242ed', NULL, 'https://github.com/mock/repo', 'https://figma.com/mock', 'https://demo.com', NULL, NULL, NULL, NULL, NULL, NULL, 'PENDING_AI', 'NONE', false, NULL, '2026-06-17 23:06:53.662', '2026-06-17 23:06:53.662');
INSERT INTO public.submissions VALUES ('c25cff84-e5e8-4187-bf79-eca4aff3b181', '2383048a-6fd1-48a3-aa6b-69a58fa512c7', '4bb448db-2c45-467d-be47-9b7ff6a49d8f', 'af89d438-5ad4-4b1c-866f-1ea13dabf224', NULL, 'https://github.com/mock/repo', 'https://figma.com/mock', 'https://demo.com', NULL, NULL, NULL, NULL, NULL, NULL, 'UNDER_REVIEW', 'NONE', false, NULL, '2026-06-17 23:06:53.729', '2026-06-17 23:06:53.729');
INSERT INTO public.submissions VALUES ('39e256fa-2bea-4d73-b902-2ebcaec02d65', 'e472f8cd-0f16-4629-945e-dabbc3d86519', '7684dcb6-0f0b-480b-9450-b904f6d601f8', '48e7af07-051e-4e65-9306-0a08696242ed', NULL, 'https://github.com/mock/repo', 'https://figma.com/mock', 'https://demo.com', NULL, NULL, NULL, 19.81267486600766, 24.81267486600766, NULL, 'FAILED', 'NONE', false, '2026-06-17 23:06:53.796', '2026-06-17 23:06:53.796', '2026-06-17 23:06:53.796');
INSERT INTO public.submissions VALUES ('51b5c9bf-3876-40da-8c3c-be0b885c7a81', '419478c6-0c0d-4d90-b582-71e86f626749', '7684dcb6-0f0b-480b-9450-b904f6d601f8', '801ab103-a659-477d-8a09-3e1e0a4c8b8b', NULL, 'https://github.com/mock/repo', 'https://figma.com/mock', 'https://demo.com', NULL, NULL, NULL, NULL, NULL, NULL, 'UNDER_REVIEW', 'NONE', false, NULL, '2026-06-17 23:06:53.877', '2026-06-17 23:06:53.877');
INSERT INTO public.submissions VALUES ('778edd09-231e-41e9-b908-50c9b0688bdb', '072e2e11-1fd8-4212-b686-917f682b0d3d', '7684dcb6-0f0b-480b-9450-b904f6d601f8', 'da5d167b-8d9c-46f7-92c1-7d5d29352c09', NULL, 'https://github.com/mock/repo', 'https://figma.com/mock', 'https://demo.com', NULL, NULL, NULL, NULL, NULL, NULL, 'UNDER_REVIEW', 'NONE', false, NULL, '2026-06-17 23:06:53.945', '2026-06-17 23:06:53.945');
INSERT INTO public.submissions VALUES ('17d868ed-43ec-4550-8e8d-4e879ac47fac', '287d281e-589f-45f0-8685-d72534829921', '7684dcb6-0f0b-480b-9450-b904f6d601f8', 'a82189a5-3b6d-41cc-8046-352609e2e821', NULL, 'https://github.com/mock/repo', 'https://figma.com/mock', 'https://demo.com', NULL, NULL, NULL, 86.18638555259093, 91.18638555259093, NULL, 'PASSED', 'SHORTLISTED', false, '2026-06-17 23:06:54.013', '2026-06-17 23:06:54.013', '2026-06-17 23:06:54.013');
INSERT INTO public.submissions VALUES ('c6462e8b-4981-4152-ae93-881a7a68663a', '4efbea26-8386-4a2a-9ca6-1b631e95f771', '7684dcb6-0f0b-480b-9450-b904f6d601f8', 'af89d438-5ad4-4b1c-866f-1ea13dabf224', NULL, 'https://github.com/mock/repo', 'https://figma.com/mock', 'https://demo.com', NULL, NULL, NULL, 29.736771654290223, 34.73677165429022, NULL, 'FAILED', 'NONE', false, '2026-06-17 23:06:54.114', '2026-06-17 23:06:54.115', '2026-06-17 23:06:54.115');
INSERT INTO public.submissions VALUES ('4066f85b-8364-4148-95ab-dca8c9326604', '046365b0-075a-4a16-a11d-2ebc88b533ed', '721c9305-807d-4f8e-8516-23a720c39e42', 'a01d040b-550a-4eb8-a453-70b671d7136d', NULL, 'https://github.com/mock/repo', 'https://figma.com/mock', 'https://demo.com', NULL, NULL, NULL, NULL, NULL, NULL, 'PENDING_AI', 'NONE', false, NULL, '2026-06-17 23:06:54.182', '2026-06-17 23:06:54.182');
INSERT INTO public.submissions VALUES ('4e44fd81-a845-4c47-9622-90cf3f41a2d7', 'ad8cf8dd-04f1-454f-85ab-c4b2d4a900b0', '721c9305-807d-4f8e-8516-23a720c39e42', '3611bcad-0f21-4d63-910c-3a3936de12f4', NULL, 'https://github.com/mock/repo', 'https://figma.com/mock', 'https://demo.com', NULL, NULL, NULL, NULL, NULL, NULL, 'UNDER_REVIEW', 'NONE', false, NULL, '2026-06-17 23:06:54.25', '2026-06-17 23:06:54.25');
INSERT INTO public.submissions VALUES ('f85b6c0c-f35c-430f-a7e1-c3c2b9295fb5', '224e458d-51e2-40e3-aa22-1a021e413e2b', '721c9305-807d-4f8e-8516-23a720c39e42', '48e7af07-051e-4e65-9306-0a08696242ed', NULL, 'https://github.com/mock/repo', 'https://figma.com/mock', 'https://demo.com', NULL, NULL, NULL, 86.31617337132762, 91.31617337132762, NULL, 'PASSED', 'SHORTLISTED', false, '2026-06-17 23:06:54.318', '2026-06-17 23:06:54.318', '2026-06-17 23:06:54.318');
INSERT INTO public.submissions VALUES ('06b5a231-435b-400a-94a0-715cb1af51b2', '4a24cff1-aa42-42a9-949e-d80e9cf3726e', '721c9305-807d-4f8e-8516-23a720c39e42', '801ab103-a659-477d-8a09-3e1e0a4c8b8b', NULL, 'https://github.com/mock/repo', 'https://figma.com/mock', 'https://demo.com', NULL, NULL, NULL, 90.59668298961532, 95.59668298961532, NULL, 'PASSED', 'HIRED', false, '2026-06-17 23:06:54.42', '2026-06-17 23:06:54.42', '2026-06-17 23:06:54.42');
INSERT INTO public.submissions VALUES ('c394ee5f-9b84-4ab5-bd5c-129b3fb56681', '0a39d42e-df04-464c-8a0a-72bd8ae7d3f6', '721c9305-807d-4f8e-8516-23a720c39e42', 'c1ffdbbb-9512-401b-9113-f5ff9f32af69', NULL, 'https://github.com/mock/repo', 'https://figma.com/mock', 'https://demo.com', NULL, NULL, NULL, NULL, NULL, NULL, 'UNDER_REVIEW', 'NONE', false, NULL, '2026-06-17 23:06:54.523', '2026-06-17 23:06:54.523');
INSERT INTO public.submissions VALUES ('e0a7a214-5b05-4330-ae7e-39a55f91609b', '80feaf61-7818-407a-930a-d072e367b8d6', 'e53f3f0c-ef5b-41ca-a445-f166ba30118c', 'a01d040b-550a-4eb8-a453-70b671d7136d', NULL, 'https://github.com/mock/repo', 'https://figma.com/mock', 'https://demo.com', NULL, NULL, NULL, 91.97509358004297, 96.97509358004297, NULL, 'PASSED', 'HIRED', false, '2026-06-17 23:06:54.592', '2026-06-17 23:06:54.592', '2026-06-17 23:06:54.592');
INSERT INTO public.submissions VALUES ('392f718a-7a15-4ee9-b918-dacc29ec2f92', '47479900-8d80-4aaa-a0b1-684bf1f26923', 'e53f3f0c-ef5b-41ca-a445-f166ba30118c', 'af89d438-5ad4-4b1c-866f-1ea13dabf224', NULL, 'https://github.com/mock/repo', 'https://figma.com/mock', 'https://demo.com', NULL, NULL, NULL, NULL, NULL, NULL, 'PENDING_AI', 'NONE', false, NULL, '2026-06-17 23:06:54.695', '2026-06-17 23:06:54.695');
INSERT INTO public.submissions VALUES ('4da88584-8a57-414f-82d1-58c93ab128b6', '445feb8e-e11d-40bd-b8c2-3396cf16bf7d', 'e53f3f0c-ef5b-41ca-a445-f166ba30118c', '71504405-98b1-442a-89c8-ba8e1dd52294', NULL, 'https://github.com/mock/repo', 'https://figma.com/mock', 'https://demo.com', NULL, NULL, NULL, 79.95659111753878, 84.95659111753878, NULL, 'PASSED', 'SHORTLISTED', false, '2026-06-17 23:06:54.763', '2026-06-17 23:06:54.764', '2026-06-17 23:06:54.764');
INSERT INTO public.submissions VALUES ('9757e9c5-8774-4cb2-8613-8f69c7ea9233', 'dbf4ec51-e2ac-4720-88b9-020c4f489809', 'e53f3f0c-ef5b-41ca-a445-f166ba30118c', '3611bcad-0f21-4d63-910c-3a3936de12f4', NULL, 'https://github.com/mock/repo', 'https://figma.com/mock', 'https://demo.com', NULL, NULL, NULL, 19.427993140107425, 24.427993140107425, NULL, 'FAILED', 'NONE', false, '2026-06-17 23:06:54.864', '2026-06-17 23:06:54.864', '2026-06-17 23:06:54.864');
INSERT INTO public.submissions VALUES ('02115ebb-4507-429a-93fa-7a730f400a39', '05deef03-1999-40b0-9932-039f879cb01d', 'e53f3f0c-ef5b-41ca-a445-f166ba30118c', '50054215-56be-4c19-86f5-589e5cdec8f2', NULL, 'https://github.com/mock/repo', 'https://figma.com/mock', 'https://demo.com', NULL, NULL, NULL, 40.397204544293075, 45.397204544293075, NULL, 'FAILED', 'NONE', false, '2026-06-17 23:06:54.932', '2026-06-17 23:06:54.932', '2026-06-17 23:06:54.932');
INSERT INTO public.submissions VALUES ('0278bde8-e32f-4d87-9d5f-8e3e9b523db7', 'f6d2ca13-7903-4bca-8d82-25075ba8ea9a', '17d2c69a-1c52-4ae9-9a32-33895435d19a', 'a82189a5-3b6d-41cc-8046-352609e2e821', NULL, 'https://github.com/mock/repo', 'https://figma.com/mock', 'https://demo.com', NULL, NULL, NULL, 80.43010820780852, 85.43010820780852, NULL, 'PASSED', 'INTERVIEW_INVITED', false, '2026-06-17 23:06:55.008', '2026-06-17 23:06:55.008', '2026-06-17 23:06:55.008');
INSERT INTO public.submissions VALUES ('461013d2-e088-4d6a-9204-1bbde31f0376', '5effe4c4-0ab0-4bdf-97c2-8b4f0202a2d3', '17d2c69a-1c52-4ae9-9a32-33895435d19a', '2e2dae01-ff70-4382-93be-b3da76629e58', NULL, 'https://github.com/mock/repo', 'https://figma.com/mock', 'https://demo.com', NULL, NULL, NULL, 42.45709064188629, 47.45709064188629, NULL, 'FAILED', 'NONE', false, '2026-06-17 23:06:55.108', '2026-06-17 23:06:55.109', '2026-06-17 23:06:55.109');
INSERT INTO public.submissions VALUES ('f39fa522-0399-4b70-a1f7-539e8457e25e', '909bd550-1e2f-4c3d-8794-1e6a822f98b6', '17d2c69a-1c52-4ae9-9a32-33895435d19a', '831e90e9-daee-4578-a3ec-009f40ca6db4', NULL, 'https://github.com/mock/repo', 'https://figma.com/mock', 'https://demo.com', NULL, NULL, NULL, NULL, NULL, NULL, 'PENDING_AI', 'NONE', false, NULL, '2026-06-17 23:06:55.183', '2026-06-17 23:06:55.183');
INSERT INTO public.submissions VALUES ('b2eed151-6521-4c4c-87eb-7b2e9d53f5ac', '3bbc14ec-3fb5-416c-8d5a-6236306687ab', '62e13de3-9c88-4977-a2db-6bd4fe0d19ed', 'a82189a5-3b6d-41cc-8046-352609e2e821', NULL, 'https://github.com/mock/repo', 'https://figma.com/mock', 'https://demo.com', NULL, NULL, NULL, 54.12320022482795, 59.12320022482795, NULL, 'FAILED', 'NONE', false, '2026-06-17 23:06:55.25', '2026-06-17 23:06:55.25', '2026-06-17 23:06:55.25');
INSERT INTO public.submissions VALUES ('456a3909-8e02-476e-8ff4-44fb9d67b3a6', 'f216ba2e-529d-49f1-9bfd-964d61298094', '62e13de3-9c88-4977-a2db-6bd4fe0d19ed', 'e1142cdf-02d4-4bcf-8f08-a10259c7ad61', NULL, 'https://github.com/mock/repo', 'https://figma.com/mock', 'https://demo.com', NULL, NULL, NULL, NULL, NULL, NULL, 'PENDING_AI', 'NONE', false, NULL, '2026-06-17 23:06:55.317', '2026-06-17 23:06:55.317');
INSERT INTO public.submissions VALUES ('69a4594b-75bf-45a0-afb5-213a9b0bc18d', '672cef66-d1b9-480d-beb3-b146d1b990d1', '62e13de3-9c88-4977-a2db-6bd4fe0d19ed', '2e2dae01-ff70-4382-93be-b3da76629e58', NULL, 'https://github.com/mock/repo', 'https://figma.com/mock', 'https://demo.com', NULL, NULL, NULL, 84.94224440369412, 89.94224440369412, NULL, 'PASSED', 'INTERVIEW_INVITED', false, '2026-06-17 23:06:55.384', '2026-06-17 23:06:55.385', '2026-06-17 23:06:55.385');
INSERT INTO public.submissions VALUES ('dbc48efb-b570-431a-af4c-8bce34b129d9', 'aaf4989a-64b2-4878-b82a-5e5af0975c68', '62e13de3-9c88-4977-a2db-6bd4fe0d19ed', '801ab103-a659-477d-8a09-3e1e0a4c8b8b', NULL, 'https://github.com/mock/repo', 'https://figma.com/mock', 'https://demo.com', NULL, NULL, NULL, NULL, NULL, NULL, 'PENDING_AI', 'NONE', false, NULL, '2026-06-17 23:06:55.487', '2026-06-17 23:06:55.487');
INSERT INTO public.submissions VALUES ('13df91e7-4fae-4a88-a658-f0ab7f717bd0', 'b968e518-3abc-49f7-acee-1e49f24e0bea', '62e13de3-9c88-4977-a2db-6bd4fe0d19ed', '3611bcad-0f21-4d63-910c-3a3936de12f4', NULL, 'https://github.com/mock/repo', 'https://figma.com/mock', 'https://demo.com', NULL, NULL, NULL, NULL, NULL, NULL, 'PENDING_AI', 'NONE', false, NULL, '2026-06-17 23:06:55.556', '2026-06-17 23:06:55.556');
INSERT INTO public.submissions VALUES ('a3caf28b-3f37-45e3-8f5c-6d2966785301', '1a55babd-16e3-4dd7-be55-05261bf01a5f', '04522ead-0e12-4f54-83a7-5d89e86029b2', '3611bcad-0f21-4d63-910c-3a3936de12f4', NULL, 'https://github.com/mock/repo', 'https://figma.com/mock', 'https://demo.com', NULL, NULL, NULL, NULL, NULL, NULL, 'PENDING_AI', 'NONE', false, NULL, '2026-06-17 23:06:55.626', '2026-06-17 23:06:55.626');
INSERT INTO public.submissions VALUES ('faa82fc9-6b23-4831-84e6-bc5d0caae602', '939bbacc-9aa3-4a11-b2bf-aa27a81beda5', '04522ead-0e12-4f54-83a7-5d89e86029b2', '2e2dae01-ff70-4382-93be-b3da76629e58', NULL, 'https://github.com/mock/repo', 'https://figma.com/mock', 'https://demo.com', NULL, NULL, NULL, NULL, NULL, NULL, 'UNDER_REVIEW', 'NONE', false, NULL, '2026-06-17 23:06:55.694', '2026-06-17 23:06:55.694');
INSERT INTO public.submissions VALUES ('a3ccf75f-788d-49a8-b641-2a357760d033', 'eee51c02-abb8-49bc-a4b2-0a8cc955be7e', '04522ead-0e12-4f54-83a7-5d89e86029b2', '831e90e9-daee-4578-a3ec-009f40ca6db4', NULL, 'https://github.com/mock/repo', 'https://figma.com/mock', 'https://demo.com', NULL, NULL, NULL, NULL, NULL, NULL, 'PENDING_AI', 'NONE', false, NULL, '2026-06-17 23:06:55.762', '2026-06-17 23:06:55.762');
INSERT INTO public.submissions VALUES ('5034a1ce-d160-408e-9019-eff335937149', '07d6cab2-6259-499b-8356-b160f7eded33', 'c3afa3a2-6a6e-43f8-a441-d54a73c4dedb', '3611bcad-0f21-4d63-910c-3a3936de12f4', NULL, 'https://github.com/mock/repo', 'https://figma.com/mock', 'https://demo.com', NULL, NULL, NULL, 41.11239240061049, 46.11239240061049, NULL, 'FAILED', 'NONE', false, '2026-06-17 23:06:55.831', '2026-06-17 23:06:55.831', '2026-06-17 23:06:55.831');
INSERT INTO public.submissions VALUES ('62bc7963-ea66-4341-9e51-d6386a34dbc0', '3cc1c92a-c573-4038-8e4e-9fe4853f2ab1', 'c3afa3a2-6a6e-43f8-a441-d54a73c4dedb', 'a01d040b-550a-4eb8-a453-70b671d7136d', NULL, 'https://github.com/mock/repo', 'https://figma.com/mock', 'https://demo.com', NULL, NULL, NULL, 77.79917655039398, 82.79917655039398, NULL, 'PASSED', 'HIRED', false, '2026-06-17 23:06:55.898', '2026-06-17 23:06:55.899', '2026-06-17 23:06:55.899');
INSERT INTO public.submissions VALUES ('a25c33ac-d2b4-4c5a-b17f-9e347b16592e', 'b9e6f625-6028-4a9c-9cc0-995342452754', 'c3afa3a2-6a6e-43f8-a441-d54a73c4dedb', '2e2dae01-ff70-4382-93be-b3da76629e58', NULL, 'https://github.com/mock/repo', 'https://figma.com/mock', 'https://demo.com', NULL, NULL, NULL, 25.24672336522165, 30.24672336522165, NULL, 'FAILED', 'NONE', false, '2026-06-17 23:06:56.009', '2026-06-17 23:06:56.009', '2026-06-17 23:06:56.009');
INSERT INTO public.submissions VALUES ('e90ef1b2-4bc0-4033-8132-10e5ac8972c5', '9cf61547-7305-441b-8860-0e8fa7741b49', 'c3afa3a2-6a6e-43f8-a441-d54a73c4dedb', '3ee7cdd4-9049-41c0-b676-b6818deb1186', NULL, 'https://github.com/mock/repo', 'https://figma.com/mock', 'https://demo.com', NULL, NULL, NULL, 53.64071780852019, 58.64071780852019, NULL, 'FAILED', 'NONE', false, '2026-06-17 23:06:56.077', '2026-06-17 23:06:56.077', '2026-06-17 23:06:56.077');
INSERT INTO public.submissions VALUES ('fb01d1a9-65d3-488b-be3a-f36c234e2290', 'cb0f0c58-63cf-4fd2-8734-107e17945061', 'c3afa3a2-6a6e-43f8-a441-d54a73c4dedb', 'c1ffdbbb-9512-401b-9113-f5ff9f32af69', NULL, 'https://github.com/mock/repo', 'https://figma.com/mock', 'https://demo.com', NULL, NULL, NULL, NULL, NULL, NULL, 'UNDER_REVIEW', 'NONE', false, NULL, '2026-06-17 23:06:56.146', '2026-06-17 23:06:56.146');
INSERT INTO public.submissions VALUES ('c317604e-d458-4670-ba2a-820c1d33da6f', 'd2f853b7-1dbf-478d-974e-95ecbbb723fa', 'f9cc493f-fa67-4c77-8289-9b8d21fded53', '40f8fb5a-6bc1-4159-9138-4fe62e50cfd7', NULL, 'https://github.com/mock/repo', 'https://figma.com/mock', 'https://demo.com', NULL, NULL, NULL, NULL, NULL, NULL, 'UNDER_REVIEW', 'NONE', false, NULL, '2026-06-17 23:06:56.215', '2026-06-17 23:06:56.215');
INSERT INTO public.submissions VALUES ('49cee780-2a41-430f-a81a-91cc9dd28bc6', '627f28ae-7baf-4967-87c7-48e00b338836', 'f9cc493f-fa67-4c77-8289-9b8d21fded53', '48e7af07-051e-4e65-9306-0a08696242ed', NULL, 'https://github.com/mock/repo', 'https://figma.com/mock', 'https://demo.com', NULL, NULL, NULL, NULL, NULL, NULL, 'UNDER_REVIEW', 'NONE', false, NULL, '2026-06-17 23:06:56.282', '2026-06-17 23:06:56.282');
INSERT INTO public.submissions VALUES ('cf606daa-72e8-4367-bad9-5d0c7b6ec676', '73bccb89-ce3e-4547-8052-fdd9daf5702c', 'f9cc493f-fa67-4c77-8289-9b8d21fded53', '3611bcad-0f21-4d63-910c-3a3936de12f4', NULL, 'https://github.com/mock/repo', 'https://figma.com/mock', 'https://demo.com', NULL, NULL, NULL, 47.05752374540508, 52.05752374540508, NULL, 'FAILED', 'NONE', false, '2026-06-17 23:06:56.35', '2026-06-17 23:06:56.35', '2026-06-17 23:06:56.35');
INSERT INTO public.submissions VALUES ('1cce2016-d336-4a88-bb4a-ae2e4a30065d', '82cb578d-ece7-4f81-805d-9b873b6471dd', 'b10347fb-f64d-4dbc-b58d-9913e295f2da', '40f8fb5a-6bc1-4159-9138-4fe62e50cfd7', NULL, 'https://github.com/mock/repo', 'https://figma.com/mock', 'https://demo.com', NULL, NULL, NULL, NULL, NULL, NULL, 'PENDING_AI', 'NONE', false, NULL, '2026-06-17 23:06:56.417', '2026-06-17 23:06:56.417');
INSERT INTO public.submissions VALUES ('5305abef-41b1-4590-a3c6-41c89101f5c4', '8f571eef-a4c4-4e02-b6f1-9ca2557752a1', 'b10347fb-f64d-4dbc-b58d-9913e295f2da', '801ab103-a659-477d-8a09-3e1e0a4c8b8b', NULL, 'https://github.com/mock/repo', 'https://figma.com/mock', 'https://demo.com', NULL, NULL, NULL, 47.052709055152384, 52.052709055152384, NULL, 'FAILED', 'NONE', false, '2026-06-17 23:06:56.485', '2026-06-17 23:06:56.485', '2026-06-17 23:06:56.485');
INSERT INTO public.submissions VALUES ('e0c7922d-cf04-4eb5-971a-c55cfc615459', '44601207-5ef7-4633-8e5e-a61b9f185a1c', 'b10347fb-f64d-4dbc-b58d-9913e295f2da', 'e1142cdf-02d4-4bcf-8f08-a10259c7ad61', NULL, 'https://github.com/mock/repo', 'https://figma.com/mock', 'https://demo.com', NULL, NULL, NULL, 81.3671635035642, 86.3671635035642, NULL, 'PASSED', 'SHORTLISTED', false, '2026-06-17 23:06:56.553', '2026-06-17 23:06:56.553', '2026-06-17 23:06:56.553');
INSERT INTO public.submissions VALUES ('308667df-77d5-4458-a1d5-7bf573560ad2', 'b120003c-0b4b-48af-a304-b919c1486d8f', 'b10347fb-f64d-4dbc-b58d-9913e295f2da', '48e7af07-051e-4e65-9306-0a08696242ed', NULL, 'https://github.com/mock/repo', 'https://figma.com/mock', 'https://demo.com', NULL, NULL, NULL, 28.102846191290084, 33.102846191290084, NULL, 'FAILED', 'NONE', false, '2026-06-17 23:06:56.655', '2026-06-17 23:06:56.655', '2026-06-17 23:06:56.655');
INSERT INTO public.submissions VALUES ('efae4a6c-0620-432d-b94d-b8977088b123', '2940ff3e-0861-4ffa-8beb-5339fb4f1b50', 'b10347fb-f64d-4dbc-b58d-9913e295f2da', '3611bcad-0f21-4d63-910c-3a3936de12f4', NULL, 'https://github.com/mock/repo', 'https://figma.com/mock', 'https://demo.com', NULL, NULL, NULL, 91.27148548980847, 96.27148548980847, NULL, 'PASSED', 'HIRED', false, '2026-06-17 23:06:56.723', '2026-06-17 23:06:56.723', '2026-06-17 23:06:56.723');
INSERT INTO public.submissions VALUES ('52ad455a-74d8-4fa2-bd68-a672b4fd10ab', '0365847f-a370-47b3-aa39-0249102e58cf', '04ca1b99-1c25-4c3b-885a-35767d80e114', '48e7af07-051e-4e65-9306-0a08696242ed', NULL, 'https://github.com/mock/repo', 'https://figma.com/mock', 'https://demo.com', NULL, NULL, NULL, NULL, NULL, NULL, 'PENDING_AI', 'NONE', false, NULL, '2026-06-17 23:06:56.825', '2026-06-17 23:06:56.825');
INSERT INTO public.submissions VALUES ('cf339550-9f64-4b7a-8156-8b06cc2e494e', 'ae34a5bd-7975-4ed7-8077-e19a3b2954c6', '04ca1b99-1c25-4c3b-885a-35767d80e114', 'c1ffdbbb-9512-401b-9113-f5ff9f32af69', NULL, 'https://github.com/mock/repo', 'https://figma.com/mock', 'https://demo.com', NULL, NULL, NULL, 89.34017298096282, 94.34017298096282, NULL, 'PASSED', 'SHORTLISTED', false, '2026-06-17 23:06:56.892', '2026-06-17 23:06:56.893', '2026-06-17 23:06:56.893');
INSERT INTO public.submissions VALUES ('ff3b3511-eb70-430d-b8b9-e2009e46c588', '6d8b2cf2-95fb-44b5-b43f-0a04ec7d39aa', '04ca1b99-1c25-4c3b-885a-35767d80e114', 'e1142cdf-02d4-4bcf-8f08-a10259c7ad61', NULL, 'https://github.com/mock/repo', 'https://figma.com/mock', 'https://demo.com', NULL, NULL, NULL, 25.052672621130068, 30.052672621130068, NULL, 'FAILED', 'NONE', false, '2026-06-17 23:06:56.995', '2026-06-17 23:06:56.996', '2026-06-17 23:06:56.996');
INSERT INTO public.submissions VALUES ('8e84c230-5ac4-4171-98b7-f7f95e54617c', '0d1b16cd-dda3-476f-a591-4bd25b56d0a4', '04ca1b99-1c25-4c3b-885a-35767d80e114', '801ab103-a659-477d-8a09-3e1e0a4c8b8b', NULL, 'https://github.com/mock/repo', 'https://figma.com/mock', 'https://demo.com', NULL, NULL, NULL, 33.96812177531874, 38.96812177531874, NULL, 'FAILED', 'NONE', false, '2026-06-17 23:06:57.063', '2026-06-17 23:06:57.064', '2026-06-17 23:06:57.064');
INSERT INTO public.submissions VALUES ('a54598da-1243-4f9e-b20f-b540d74d278e', '96eba678-232c-474b-b789-3cf385490225', '04ca1b99-1c25-4c3b-885a-35767d80e114', '3611bcad-0f21-4d63-910c-3a3936de12f4', NULL, 'https://github.com/mock/repo', 'https://figma.com/mock', 'https://demo.com', NULL, NULL, NULL, NULL, NULL, NULL, 'UNDER_REVIEW', 'NONE', false, NULL, '2026-06-17 23:06:57.131', '2026-06-17 23:06:57.131');
INSERT INTO public.submissions VALUES ('14e85c97-d918-414b-9309-6447db585a7b', '705b2b06-a908-42a0-a827-db72771842a3', '2c3ed174-d8f2-4919-807d-84c306be10d1', '2e2dae01-ff70-4382-93be-b3da76629e58', NULL, 'https://github.com/mock/repo', 'https://figma.com/mock', 'https://demo.com', NULL, NULL, NULL, NULL, NULL, NULL, 'UNDER_REVIEW', 'NONE', false, NULL, '2026-06-17 23:06:57.198', '2026-06-17 23:06:57.198');
INSERT INTO public.submissions VALUES ('b9340b37-1e2c-4371-96ec-bbf7c9db72a5', 'cd6d590b-8f34-4f74-8f53-e194e81b75cc', '2c3ed174-d8f2-4919-807d-84c306be10d1', '48e7af07-051e-4e65-9306-0a08696242ed', NULL, 'https://github.com/mock/repo', 'https://figma.com/mock', 'https://demo.com', NULL, NULL, NULL, NULL, NULL, NULL, 'PENDING_AI', 'NONE', false, NULL, '2026-06-17 23:06:57.266', '2026-06-17 23:06:57.266');
INSERT INTO public.submissions VALUES ('97fe9cda-94f0-4d09-8b13-a27d71e3cc33', 'd3b47f49-166f-49db-8b21-33e78dddfc86', '2c3ed174-d8f2-4919-807d-84c306be10d1', 'a82189a5-3b6d-41cc-8046-352609e2e821', NULL, 'https://github.com/mock/repo', 'https://figma.com/mock', 'https://demo.com', NULL, NULL, NULL, NULL, NULL, NULL, 'PENDING_AI', 'NONE', false, NULL, '2026-06-17 23:06:57.333', '2026-06-17 23:06:57.333');
INSERT INTO public.submissions VALUES ('9a741d68-3987-4c14-98a0-184b973c2618', '354d2b7f-a757-43d2-b0ea-ff7db3dd459f', '2c3ed174-d8f2-4919-807d-84c306be10d1', 'c1ffdbbb-9512-401b-9113-f5ff9f32af69', NULL, 'https://github.com/mock/repo', 'https://figma.com/mock', 'https://demo.com', NULL, NULL, NULL, 91.52438895057571, 96.52438895057571, NULL, 'PASSED', 'INTERVIEW_INVITED', false, '2026-06-17 23:06:57.401', '2026-06-17 23:06:57.401', '2026-06-17 23:06:57.401');
INSERT INTO public.submissions VALUES ('b86d11fd-2e2b-4d45-bb4a-f0d9c7a9ff11', 'a07319a1-c89f-4315-9596-d594414cfdc3', '2c3ed174-d8f2-4919-807d-84c306be10d1', '71504405-98b1-442a-89c8-ba8e1dd52294', NULL, 'https://github.com/mock/repo', 'https://figma.com/mock', 'https://demo.com', NULL, NULL, NULL, 28.343488004721863, 33.34348800472186, NULL, 'FAILED', 'NONE', false, '2026-06-17 23:06:57.501', '2026-06-17 23:06:57.502', '2026-06-17 23:06:57.502');


--
-- Data for Name: portfolios; Type: TABLE DATA; Schema: public; Owner: neondb_owner
--

INSERT INTO public.portfolios VALUES ('2891543c-0c31-4fa5-a5c8-b89c63293206', '2d19cf14-0986-40f3-90ea-0a4020a9e1d7', 'd63a649a-1dd0-4489-a3ab-c7f79213b8fb', true, 'https://placehold.co/200x200/10b981/ffffff?text=Verified', 'Great work on 5G Campaign Landing Page', '2026-06-17 23:06:51.096', '2026-06-17 23:06:51.096');
INSERT INTO public.portfolios VALUES ('af89c0af-20d9-49a1-9008-268772224e06', '2d19cf14-0986-40f3-90ea-0a4020a9e1d7', 'aab8a34c-4b27-4b04-91c3-befd29d06117', true, 'https://placehold.co/200x200/10b981/ffffff?text=Verified', 'Great work on High Concurrency Checkout', '2026-06-17 23:06:51.201', '2026-06-17 23:06:51.201');
INSERT INTO public.portfolios VALUES ('08b77977-21de-459f-948f-4c68cf2d3dfb', '305a7571-f605-46c7-b6ea-8de587cdd9d9', '69ae7ae3-eeac-4a5c-987a-124592db42d4', true, 'https://placehold.co/200x200/10b981/ffffff?text=Verified', 'Great work on Secure Banking API', '2026-06-17 23:06:51.999', '2026-06-17 23:06:51.999');
INSERT INTO public.portfolios VALUES ('d1acd4b4-aac6-47eb-a2f3-81cf71969174', '305a7571-f605-46c7-b6ea-8de587cdd9d9', 'acafe8eb-c61c-46ce-ab0f-57c6dbbd6a20', true, 'https://placehold.co/200x200/10b981/ffffff?text=Verified', 'Great work on Xperience App Features', '2026-06-17 23:06:52.104', '2026-06-17 23:06:52.104');
INSERT INTO public.portfolios VALUES ('1f4e9533-3a74-478b-a6c6-26ed84a44a39', '3246110c-9a8f-47a0-9c78-4c178616f6a9', '2585292c-4a5f-445f-a899-aab26ce3ad56', true, 'https://placehold.co/200x200/10b981/ffffff?text=Verified', 'Great work on SME Merchant App UX', '2026-06-17 23:06:52.692', '2026-06-17 23:06:52.692');
INSERT INTO public.portfolios VALUES ('ad772385-f1f6-4046-85f9-dde259f4dd9c', 'dbf223aa-b09f-46c6-87d9-f9d5e9acc158', '2e776043-cb28-434a-a494-1c4f7baaf738', true, 'https://placehold.co/200x200/10b981/ffffff?text=Verified', 'Great work on Aqua Farmer Mobile App', '2026-06-17 23:06:52.796', '2026-06-17 23:06:52.796');
INSERT INTO public.portfolios VALUES ('644c4557-baa4-4aa7-ba32-e40dd0f36724', 'dbf223aa-b09f-46c6-87d9-f9d5e9acc158', 'af7b2678-e623-441e-bb67-187f79d34495', true, 'https://placehold.co/200x200/10b981/ffffff?text=Verified', 'Great work on Affiliate Marketing Strategy', '2026-06-17 23:06:52.964', '2026-06-17 23:06:52.964');
INSERT INTO public.portfolios VALUES ('36bb16f6-35e6-4dd2-9e74-5b9012be9fc1', '4c37e820-c0c2-4388-8248-d6a222698887', '0dd7f589-bb51-4a4f-a6a4-97ce1099c037', true, 'https://placehold.co/200x200/10b981/ffffff?text=Verified', 'Great work on Secure Banking API', '2026-06-17 23:06:53.354', '2026-06-17 23:06:53.354');
INSERT INTO public.portfolios VALUES ('e756f1f1-fe95-43ae-b2de-4b4bda647a32', '4bb448db-2c45-467d-be47-9b7ff6a49d8f', 'baaa2a5a-1085-4b3c-b4bc-96deeeb7bd33', true, 'https://placehold.co/200x200/10b981/ffffff?text=Verified', 'Great work on Secure Banking API', '2026-06-17 23:06:53.594', '2026-06-17 23:06:53.594');
INSERT INTO public.portfolios VALUES ('df86f031-3b52-4a17-a8de-980412e0e737', '7684dcb6-0f0b-480b-9450-b904f6d601f8', '17d868ed-43ec-4550-8e8d-4e879ac47fac', true, 'https://placehold.co/200x200/10b981/ffffff?text=Verified', 'Great work on High Concurrency Checkout', '2026-06-17 23:06:54.047', '2026-06-17 23:06:54.047');
INSERT INTO public.portfolios VALUES ('9ff39aa4-a1dd-4cae-a4f1-3b9c596504a9', '721c9305-807d-4f8e-8516-23a720c39e42', 'f85b6c0c-f35c-430f-a7e1-c3c2b9295fb5', true, 'https://placehold.co/200x200/10b981/ffffff?text=Verified', 'Great work on Hotel Recommendation Engine', '2026-06-17 23:06:54.352', '2026-06-17 23:06:54.352');
INSERT INTO public.portfolios VALUES ('ad9188ca-f932-48b2-80cc-ba157c43b103', '721c9305-807d-4f8e-8516-23a720c39e42', '06b5a231-435b-400a-94a0-715cb1af51b2', true, 'https://placehold.co/200x200/10b981/ffffff?text=Verified', 'Great work on Secure Banking API', '2026-06-17 23:06:54.454', '2026-06-17 23:06:54.454');
INSERT INTO public.portfolios VALUES ('5ce302cc-e018-4f9a-8c4d-bf335c43042b', 'e53f3f0c-ef5b-41ca-a445-f166ba30118c', 'e0a7a214-5b05-4330-ae7e-39a55f91609b', true, 'https://placehold.co/200x200/10b981/ffffff?text=Verified', 'Great work on SME Merchant App UX', '2026-06-17 23:06:54.626', '2026-06-17 23:06:54.626');
INSERT INTO public.portfolios VALUES ('1886d122-5318-43d8-be9e-1ccfb1d4b41f', 'e53f3f0c-ef5b-41ca-a445-f166ba30118c', '4da88584-8a57-414f-82d1-58c93ab128b6', true, 'https://placehold.co/200x200/10b981/ffffff?text=Verified', 'Great work on Aqua Farmer Mobile App', '2026-06-17 23:06:54.797', '2026-06-17 23:06:54.797');
INSERT INTO public.portfolios VALUES ('b7701d00-c6dc-44e5-b5f9-384f34dc5bd7', '17d2c69a-1c52-4ae9-9a32-33895435d19a', '0278bde8-e32f-4d87-9d5f-8e3e9b523db7', true, 'https://placehold.co/200x200/10b981/ffffff?text=Verified', 'Great work on High Concurrency Checkout', '2026-06-17 23:06:55.042', '2026-06-17 23:06:55.042');
INSERT INTO public.portfolios VALUES ('3e542ba8-d8a6-42d4-9903-981272e31399', '62e13de3-9c88-4977-a2db-6bd4fe0d19ed', '69a4594b-75bf-45a0-afb5-213a9b0bc18d', true, 'https://placehold.co/200x200/10b981/ffffff?text=Verified', 'Great work on Gopay Viral Marketing', '2026-06-17 23:06:55.419', '2026-06-17 23:06:55.419');
INSERT INTO public.portfolios VALUES ('494dc21e-45b7-4638-8f1e-2214116fc29f', 'c3afa3a2-6a6e-43f8-a441-d54a73c4dedb', '62bc7963-ea66-4341-9e51-d6386a34dbc0', true, 'https://placehold.co/200x200/10b981/ffffff?text=Verified', 'Great work on SME Merchant App UX', '2026-06-17 23:06:55.938', '2026-06-17 23:06:55.938');
INSERT INTO public.portfolios VALUES ('ac208661-9c59-4e41-a70d-22a795cdeb7c', 'b10347fb-f64d-4dbc-b58d-9913e295f2da', 'e0c7922d-cf04-4eb5-971a-c55cfc615459', true, 'https://placehold.co/200x200/10b981/ffffff?text=Verified', 'Great work on Affiliate Marketing Strategy', '2026-06-17 23:06:56.587', '2026-06-17 23:06:56.587');
INSERT INTO public.portfolios VALUES ('389a5551-670e-4e3d-9233-724f3a4836a0', 'b10347fb-f64d-4dbc-b58d-9913e295f2da', 'efae4a6c-0620-432d-b94d-b8977088b123', true, 'https://placehold.co/200x200/10b981/ffffff?text=Verified', 'Great work on Xperience App Features', '2026-06-17 23:06:56.757', '2026-06-17 23:06:56.757');
INSERT INTO public.portfolios VALUES ('b00edb2c-60e6-441b-b2e4-4b1ae59bfb21', '04ca1b99-1c25-4c3b-885a-35767d80e114', 'cf339550-9f64-4b7a-8156-8b06cc2e494e', true, 'https://placehold.co/200x200/10b981/ffffff?text=Verified', 'Great work on 5G Campaign Landing Page', '2026-06-17 23:06:56.927', '2026-06-17 23:06:56.927');
INSERT INTO public.portfolios VALUES ('b8007530-8d6b-4c8d-aae5-69b02ef7b67f', '2c3ed174-d8f2-4919-807d-84c306be10d1', '9a741d68-3987-4c14-98a0-184b973c2618', true, 'https://placehold.co/200x200/10b981/ffffff?text=Verified', 'Great work on 5G Campaign Landing Page', '2026-06-17 23:06:57.435', '2026-06-17 23:06:57.435');


--
-- Data for Name: talent_badges; Type: TABLE DATA; Schema: public; Owner: neondb_owner
--



--
-- Data for Name: token_transactions; Type: TABLE DATA; Schema: public; Owner: neondb_owner
--



--
-- PostgreSQL database dump complete
--

\unrestrict v8Os105zeHO1X8xGaRHoGMeWdWwK3gXvWlWrbbPVC7nHHikHertOvjnvLeB1Mbg

